#
# There is insufficient memory for the Java Runtime Environment to continue.
# Native memory allocation (mmap) failed to map 1321205760 bytes. Error detail: G1 virtual space
# Possible reasons:
#   The system is out of physical RAM or swap space
#   This process is running with CompressedOops enabled, and the Java Heap may be blocking the growth of the native heap
# Possible solutions:
#   Reduce memory load on the system
#   Increase physical memory or swap space
#   Check if swap backing store is full
#   Decrease Java heap size (-Xmx/-Xms)
#   Decrease number of Java threads
#   Decrease Java thread stack sizes (-Xss)
#   Set larger code cache with -XX:ReservedCodeCacheSize=
#   JVM is running with Zero Based Compressed Oops mode in which the Java heap is
#     placed in the first 32GB address space. The Java Heap base address is the
#     maximum limit for the native heap growth. Please use -XX:HeapBaseMinAddress
#     to set the Java Heap base and to place the Java Heap above 32GB virtual address.
# This output file may be truncated or incomplete.
#
#  Out of Memory Error (os_windows.cpp:3898), pid=17676, tid=18092
#
# JRE version: OpenJDK Runtime Environment (21.0.7) (build 21.0.7+-13880790-b1038.58)
# Java VM: OpenJDK 64-Bit Server VM (21.0.7+-13880790-b1038.58, mixed mode, tiered, compressed oops, compressed class ptrs, g1 gc, windows-amd64)
# No core dump will be written. Minidumps are not enabled by default on client versions of Windows
#

---------------  S U M M A R Y ------------

Command Line: --add-opens=java.base/java.lang=ALL-UNNAMED --add-opens=java.base/java.lang.invoke=ALL-UNNAMED --add-opens=java.base/java.util=ALL-UNNAMED --add-opens=java.prefs/java.util.prefs=ALL-UNNAMED --add-exports=jdk.compiler/com.sun.tools.javac.api=ALL-UNNAMED --add-exports=jdk.compiler/com.sun.tools.javac.util=ALL-UNNAMED --add-opens=java.base/java.util=ALL-UNNAMED --add-opens=java.prefs/java.util.prefs=ALL-UNNAMED --add-opens=java.base/java.nio.charset=ALL-UNNAMED --add-opens=java.base/java.net=ALL-UNNAMED --add-opens=java.base/java.util.concurrent.atomic=ALL-UNNAMED --add-opens=java.xml/javax.xml.namespace=ALL-UNNAMED -Xmx4g -Dfile.encoding=UTF-8 -Duser.country=US -Duser.language=en -Duser.variant -javaagent:C:\Users\ADMIN\.gradle\wrapper\dists\gradle-8.13-bin\5xuhj0ry160q40clulazy9h7d\gradle-8.13\lib\agents\gradle-instrumentation-agent-8.13.jar org.gradle.launcher.daemon.bootstrap.GradleDaemon 8.13

Host: 13th Gen Intel(R) Core(TM) i5-13420H, 12 cores, 23G,  Windows 11 , 64 bit Build 26100 (10.0.26100.7019)
Time: Wed Nov 19 14:49:37 2025 SE Asia Standard Time elapsed time: 15272.875366 seconds (0d 4h 14m 32s)

---------------  T H R E A D  ---------------

Current thread (0x00000261395a3ab0):  VMThread "VM Thread"          [id=18092, stack(0x000000d05a100000,0x000000d05a200000) (1024K)]

Stack: [0x000000d05a100000,0x000000d05a200000]
Native frames: (J=compiled Java code, j=interpreted, Vv=VM code, C=native code)
V  [jvm.dll+0x6d25c9]
V  [jvm.dll+0x860923]
V  [jvm.dll+0x862e7e]
V  [jvm.dll+0x863563]
V  [jvm.dll+0x27f156]
V  [jvm.dll+0x6ceee5]
V  [jvm.dll+0x6c29aa]
V  [jvm.dll+0x355ebb]
V  [jvm.dll+0x35db16]
V  [jvm.dll+0x3afb16]
V  [jvm.dll+0x3afde8]
V  [jvm.dll+0x32855c]
V  [jvm.dll+0x3285e7]
V  [jvm.dll+0x36e47c]
V  [jvm.dll+0x36cc2e]
V  [jvm.dll+0x327cb1]
V  [jvm.dll+0x36c330]
V  [jvm.dll+0x8692e8]
V  [jvm.dll+0x86a664]
V  [jvm.dll+0x86aba0]
V  [jvm.dll+0x86ae33]
V  [jvm.dll+0x808d08]
V  [jvm.dll+0x6d0e1d]
C  [ucrtbase.dll+0x37b0]
C  [KERNEL32.DLL+0x2e8d7]
C  [ntdll.dll+0x8c53c]

VM_Operation (0x000000d0676fdef0): G1CollectForAllocation, mode: safepoint, requested by thread 0x000002614c0a6010


---------------  P R O C E S S  ---------------

Threads class SMR info:
_java_thread_list=0x000002614c9aca10, length=215, elements={
0x000002611f277ac0, 0x00000261397a1b40, 0x00000261397a75d0, 0x00000261397a9020,
0x00000261397b5360, 0x00000261397b59d0, 0x00000261397c51d0, 0x00000261397c5c30,
0x00000261397e1e60, 0x00000261397e3470, 0x000002613e0e4360, 0x000002613fbc6760,
0x000002613fb13ff0, 0x000002613fadb590, 0x000002613fb64420, 0x000002613fb61cc0,
0x000002613fb62350, 0x000002614066d020, 0x000002614066c990, 0x000002614066d6b0,
0x000002614066f0f0, 0x000002614066ea60, 0x00000261421f4fe0, 0x00000261421f9ea0,
0x00000261421fa530, 0x00000261421fb8e0, 0x000002613e413f20, 0x000002613e415960,
0x000002614331d910, 0x000002614495cdc0, 0x0000026144419660, 0x000002614abd7e50,
0x000002614441f240, 0x0000026144d15fd0, 0x0000026144d17380, 0x0000026144d15940,
0x0000026144d17a10, 0x00000261440a6e80, 0x000002614441e520, 0x0000026144422030,
0x000002614441cae0, 0x000002614441b730, 0x000002614441b0a0, 0x0000026144d22b40,
0x0000026144d1fd50, 0x00000261421f8460, 0x000002614441aa10, 0x0000026144418fd0,
0x0000026145a96740, 0x0000026145a97460, 0x0000026145a96dd0, 0x0000026145a98810,
0x0000026144419cf0, 0x0000026144d18730, 0x0000026145a9bc90, 0x0000026145a8f120,
0x000002614409fef0, 0x0000026145a932c0, 0x00000261440a12a0, 0x0000026145a9a250,
0x0000026145a9c320, 0x0000026144424100, 0x0000026145a8ea90, 0x0000026144d23ef0,
0x0000026144d16660, 0x00000261440a4720, 0x000002614a2aa3d0, 0x000002614a2ad850,
0x000002614a2acb30, 0x000002614a2aaa60, 0x0000026145a925a0, 0x000002614a2ab0f0,
0x000002614a2ab780, 0x000002614a2a9020, 0x000002614a2a8990, 0x0000026144d19450,
0x0000026144d1f030, 0x0000026144d1bbb0, 0x0000026144d1dc80, 0x0000026144d1c8d0,
0x0000026145a8dd70, 0x0000026145a93950, 0x000002614c0b24f0, 0x000002614c0abbf0,
0x000002614c0a5980, 0x000002614c0a8770, 0x000002614c0ac910, 0x000002614c0a2b90,
0x000002614c0afd90, 0x000002614c0b17d0, 0x000002614c0acfa0, 0x000002614c0a9490,
0x000002614c0b6000, 0x000002614c0aaed0, 0x000002614c0ae9e0, 0x000002614c0b1140,
0x000002614c0aa1b0, 0x000002614c0b2b80, 0x000002614c0bb550, 0x000002614c0b52e0,
0x000002614ab9d260, 0x000002614ab9b190, 0x000002614495c0a0, 0x000002614495c730,
0x0000026144959fd0, 0x00000261449592b0, 0x000002614495d450, 0x000002614495dae0,
0x000002614495a660, 0x000002614495e170, 0x000002614495acf0, 0x000002614495e800,
0x000002614495fbb0, 0x000002614495ee90, 0x000002614495f520, 0x0000026144960240,
0x00000261449608d0, 0x000002614ab8e620, 0x000002614ab8f9d0, 0x000002614ab90060,
0x000002614ab8ecb0, 0x000002614ab8df90, 0x000002614ab906f0, 0x000002614ab90d80,
0x000002614ab8d900, 0x000002614ab94890, 0x000002614ab92130, 0x000002614ab91410,
0x000002614ab94f20, 0x000002614ab92e50, 0x000002614ab91aa0, 0x000002614ab927c0,
0x000002614ab962d0, 0x000002614ab955b0, 0x000002614ab93b70, 0x000002614ab95c40,
0x000002614ab94200, 0x000002614ab96960, 0x000002614ab934e0, 0x000002614ab99de0,
0x000002614ab98a30, 0x000002614ab97680, 0x000002614ab983a0, 0x000002614ab990c0,
0x000002614ab96ff0, 0x000002614ab99750, 0x000002614ab9a470, 0x000002614ab9ab00,
0x000002614ab97d10, 0x000002614ab9d8f0, 0x000002614ab9b820, 0x000002614ab9f330,
0x000002614ab9df80, 0x000002614ab9e610, 0x000002614ab9cbd0, 0x000002614ab9eca0,
0x000002614ab9beb0, 0x000002614ab9f9c0, 0x000002614ab9c540, 0x000002614aba1400,
0x000002614aba0050, 0x000002614aba0d70, 0x000002614aba1a90, 0x000002614aba2120,
0x000002614aba27b0, 0x000002614aba2e40, 0x000002614aba3b60, 0x000002614aba34d0,
0x000002614aba06e0, 0x000002614aba6fe0, 0x000002614aba62c0, 0x000002614aba7670,
0x000002614aba4f10, 0x000002614aba41f0, 0x000002614aba55a0, 0x000002614aba5c30,
0x000002614aba4880, 0x000002614aba6950, 0x000002614abaa460, 0x000002614abab180,
0x000002614aba8a20, 0x000002614aba90b0, 0x000002614aba7d00, 0x000002614abab810,
0x000002614aba9740, 0x000002614abaaaf0, 0x000002614aba8390, 0x000002614abacbc0,
0x000002614ababea0, 0x000002614aba9dd0, 0x000002614abac530, 0x000002614c09dcd0,
0x000002614c09e9f0, 0x000002614c09fda0, 0x000002614c0a17e0, 0x000002614c0a0ac0,
0x000002614c0a1150, 0x000002614c09e360, 0x000002614c09f080, 0x000002614c0a2500,
0x000002614c09f710, 0x000002614c0a38b0, 0x000002614c0a66a0, 0x000002614c0a0430,
0x000002614c0a4c60, 0x000002614c0a6010, 0x000002614c0a52f0, 0x000002614c0a3f40,
0x000002614c0a6d30, 0x000002614c0a45d0, 0x000002614c0a3220, 0x000002614c0aa840,
0x000002614c0a7a50, 0x000002614c0a8e00, 0x000002614c0a9b20
}

Java Threads: ( => current thread )
  0x000002611f277ac0 JavaThread "main"                              [_thread_blocked, id=9648, stack(0x000000d059a00000,0x000000d059b00000) (1024K)]
  0x00000261397a1b40 JavaThread "Common-Cleaner"             daemon [_thread_blocked, id=23152, stack(0x000000d05a200000,0x000000d05a300000) (1024K)]
  0x00000261397a75d0 JavaThread "Reference Handler"          daemon [_thread_blocked, id=5780, stack(0x000000d05a300000,0x000000d05a400000) (1024K)]
  0x00000261397a9020 JavaThread "Finalizer"                  daemon [_thread_blocked, id=7012, stack(0x000000d05a400000,0x000000d05a500000) (1024K)]
  0x00000261397b5360 JavaThread "Signal Dispatcher"          daemon [_thread_blocked, id=32572, stack(0x000000d05a500000,0x000000d05a600000) (1024K)]
  0x00000261397b59d0 JavaThread "Attach Listener"            daemon [_thread_blocked, id=31900, stack(0x000000d05a600000,0x000000d05a700000) (1024K)]
  0x00000261397c51d0 JavaThread "Service Thread"             daemon [_thread_blocked, id=28264, stack(0x000000d05a700000,0x000000d05a800000) (1024K)]
  0x00000261397c5c30 JavaThread "Monitor Deflation Thread"   daemon [_thread_blocked, id=6104, stack(0x000000d05a800000,0x000000d05a900000) (1024K)]
  0x00000261397e1e60 JavaThread "C2 CompilerThread0"         daemon [_thread_blocked, id=14364, stack(0x000000d05a900000,0x000000d05aa00000) (1024K)]
  0x00000261397e3470 JavaThread "C1 CompilerThread0"         daemon [_thread_blocked, id=10876, stack(0x000000d05aa00000,0x000000d05ab00000) (1024K)]
  0x000002613e0e4360 JavaThread "Notification Thread"        daemon [_thread_blocked, id=16640, stack(0x000000d05ab00000,0x000000d05ac00000) (1024K)]
  0x000002613fbc6760 JavaThread "Daemon health stats"               [_thread_blocked, id=18672, stack(0x000000d05ac00000,0x000000d05ad00000) (1024K)]
  0x000002613fb13ff0 JavaThread "Incoming local TCP Connector on port 53571"        [_thread_in_native, id=15632, stack(0x000000d05ad00000,0x000000d05ae00000) (1024K)]
  0x000002613fadb590 JavaThread "Daemon periodic checks"            [_thread_blocked, id=2668, stack(0x000000d05b600000,0x000000d05b700000) (1024K)]
  0x000002613fb64420 JavaThread "Cache worker for journal cache (C:\Users\ADMIN\.gradle\caches\journal-1)"        [_thread_blocked, id=18556, stack(0x000000d05c100000,0x000000d05c200000) (1024K)]
  0x000002613fb61cc0 JavaThread "File lock request listener"        [_thread_in_native, id=13748, stack(0x000000d05c200000,0x000000d05c300000) (1024K)]
  0x000002613fb62350 JavaThread "Cache worker for file hash cache (C:\Users\ADMIN\.gradle\caches\8.13\fileHashes)"        [_thread_blocked, id=32200, stack(0x000000d05c300000,0x000000d05c400000) (1024K)]
  0x000002614066d020 JavaThread "File watcher server"        daemon [_thread_blocked, id=22260, stack(0x000000d05c800000,0x000000d05c900000) (1024K)]
  0x000002614066c990 JavaThread "File watcher consumer"      daemon [_thread_blocked, id=31196, stack(0x000000d05c900000,0x000000d05ca00000) (1024K)]
  0x000002614066d6b0 JavaThread "jar transforms"                    [_thread_blocked, id=7848, stack(0x000000d05ca00000,0x000000d05cb00000) (1024K)]
  0x000002614066f0f0 JavaThread "jar transforms Thread 2"           [_thread_blocked, id=32236, stack(0x000000d05cb00000,0x000000d05cc00000) (1024K)]
  0x000002614066ea60 JavaThread "Cache worker for file content cache (C:\Users\ADMIN\.gradle\caches\8.13\fileContent)"        [_thread_blocked, id=8068, stack(0x000000d05cd00000,0x000000d05ce00000) (1024K)]
  0x00000261421f4fe0 JavaThread "jar transforms Thread 3"           [_thread_blocked, id=27008, stack(0x000000d05ce00000,0x000000d05cf00000) (1024K)]
  0x00000261421f9ea0 JavaThread "jar transforms Thread 4"           [_thread_blocked, id=26972, stack(0x000000d05d900000,0x000000d05da00000) (1024K)]
  0x00000261421fa530 JavaThread "jar transforms Thread 5"           [_thread_blocked, id=22164, stack(0x000000d05da00000,0x000000d05db00000) (1024K)]
  0x00000261421fb8e0 JavaThread "jar transforms Thread 6"           [_thread_blocked, id=23160, stack(0x000000d05df00000,0x000000d05e000000) (1024K)]
  0x000002613e413f20 JavaThread "jar transforms Thread 7"           [_thread_blocked, id=6388, stack(0x000000d05e000000,0x000000d05e100000) (1024K)]
  0x000002613e415960 JavaThread "jar transforms Thread 8"           [_thread_blocked, id=11512, stack(0x000000d05e100000,0x000000d05e200000) (1024K)]
  0x000002614331d910 JavaThread "Memory manager"                    [_thread_blocked, id=32524, stack(0x000000d060300000,0x000000d060400000) (1024K)]
  0x000002614495cdc0 JavaThread "pool-3-thread-1"                   [_thread_blocked, id=14628, stack(0x000000d060600000,0x000000d060700000) (1024K)]
  0x0000026144419660 JavaThread "pool-6-thread-1"                   [_thread_blocked, id=524, stack(0x000000d05f300000,0x000000d05f400000) (1024K)]
  0x000002614abd7e50 JavaThread "pool-9-thread-1"                   [_thread_blocked, id=30916, stack(0x000000d05f400000,0x000000d05f500000) (1024K)]
  0x000002614441f240 JavaThread "pool-12-thread-1"                  [_thread_blocked, id=11176, stack(0x000000d05f500000,0x000000d05f600000) (1024K)]
  0x0000026144d15fd0 JavaThread "RMI Scheduler(0)"           daemon [_thread_blocked, id=10080, stack(0x000000d05d400000,0x000000d05d500000) (1024K)]
  0x0000026144d17380 JavaThread "RMI GC Daemon"              daemon [_thread_blocked, id=1412, stack(0x000000d062e00000,0x000000d062f00000) (1024K)]
  0x0000026144d15940 JavaThread "RMI TCP Accept-0"           daemon [_thread_in_native, id=27520, stack(0x000000d062f00000,0x000000d063000000) (1024K)]
  0x0000026144d17a10 JavaThread "RMI Reaper"                        [_thread_blocked, id=32288, stack(0x000000d063000000,0x000000d063100000) (1024K)]
  0x00000261440a6e80 JavaThread "pool-16-thread-1"                  [_thread_blocked, id=13860, stack(0x000000d05d600000,0x000000d05d700000) (1024K)]
  0x000002614441e520 JavaThread "pool-20-thread-1"                  [_thread_blocked, id=28952, stack(0x000000d05f800000,0x000000d05f900000) (1024K)]
  0x0000026144422030 JavaThread "pool-23-thread-1"                  [_thread_blocked, id=22288, stack(0x000000d05fa00000,0x000000d05fb00000) (1024K)]
  0x000002614441cae0 JavaThread "pool-26-thread-1"                  [_thread_blocked, id=9800, stack(0x000000d05f900000,0x000000d05fa00000) (1024K)]
  0x000002614441b730 JavaThread "pool-29-thread-1"                  [_thread_blocked, id=9856, stack(0x000000d05f700000,0x000000d05f800000) (1024K)]
  0x000002614441b0a0 JavaThread "pool-32-thread-1"                  [_thread_blocked, id=18712, stack(0x000000d05fe00000,0x000000d05ff00000) (1024K)]
  0x0000026144d22b40 JavaThread "pool-35-thread-1"                  [_thread_blocked, id=25192, stack(0x000000d05f200000,0x000000d05f300000) (1024K)]
  0x0000026144d1fd50 JavaThread "pool-38-thread-1"                  [_thread_blocked, id=15648, stack(0x000000d05fc00000,0x000000d05fd00000) (1024K)]
  0x00000261421f8460 JavaThread "pool-41-thread-1"                  [_thread_blocked, id=31684, stack(0x000000d05fd00000,0x000000d05fe00000) (1024K)]
  0x000002614441aa10 JavaThread "pool-44-thread-1"                  [_thread_blocked, id=29628, stack(0x000000d060200000,0x000000d060300000) (1024K)]
  0x0000026144418fd0 JavaThread "pool-47-thread-1"                  [_thread_blocked, id=6464, stack(0x000000d05ff00000,0x000000d060000000) (1024K)]
  0x0000026145a96740 JavaThread "pool-50-thread-1"                  [_thread_blocked, id=3976, stack(0x000000d060400000,0x000000d060500000) (1024K)]
  0x0000026145a97460 JavaThread "pool-53-thread-1"                  [_thread_blocked, id=17836, stack(0x000000d060000000,0x000000d060100000) (1024K)]
  0x0000026145a96dd0 JavaThread "pool-57-thread-1"                  [_thread_blocked, id=8140, stack(0x000000d060100000,0x000000d060200000) (1024K)]
  0x0000026145a98810 JavaThread "pool-60-thread-1"                  [_thread_blocked, id=23844, stack(0x000000d060500000,0x000000d060600000) (1024K)]
  0x0000026144419cf0 JavaThread "pool-63-thread-1"                  [_thread_blocked, id=7200, stack(0x000000d060700000,0x000000d060800000) (1024K)]
  0x0000026144d18730 JavaThread "pool-66-thread-1"                  [_thread_blocked, id=10500, stack(0x000000d05fb00000,0x000000d05fc00000) (1024K)]
  0x0000026145a9bc90 JavaThread "pool-70-thread-1"                  [_thread_blocked, id=14848, stack(0x000000d060900000,0x000000d060a00000) (1024K)]
  0x0000026145a8f120 JavaThread "pool-74-thread-1"                  [_thread_blocked, id=13288, stack(0x000000d060a00000,0x000000d060b00000) (1024K)]
  0x000002614409fef0 JavaThread "pool-78-thread-1"                  [_thread_blocked, id=30788, stack(0x000000d060b00000,0x000000d060c00000) (1024K)]
  0x0000026145a932c0 JavaThread "pool-82-thread-1"                  [_thread_blocked, id=31128, stack(0x000000d060c00000,0x000000d060d00000) (1024K)]
  0x00000261440a12a0 JavaThread "pool-86-thread-1"                  [_thread_blocked, id=13680, stack(0x000000d060e00000,0x000000d060f00000) (1024K)]
  0x0000026145a9a250 JavaThread "pool-89-thread-1"                  [_thread_blocked, id=32240, stack(0x000000d061100000,0x000000d061200000) (1024K)]
  0x0000026145a9c320 JavaThread "pool-92-thread-1"                  [_thread_blocked, id=20100, stack(0x000000d061200000,0x000000d061300000) (1024K)]
  0x0000026144424100 JavaThread "pool-95-thread-1"                  [_thread_blocked, id=3200, stack(0x000000d061300000,0x000000d061400000) (1024K)]
  0x0000026145a8ea90 JavaThread "pool-98-thread-1"                  [_thread_blocked, id=23380, stack(0x000000d060f00000,0x000000d061000000) (1024K)]
  0x0000026144d23ef0 JavaThread "pool-101-thread-1"                 [_thread_blocked, id=19324, stack(0x000000d060d00000,0x000000d060e00000) (1024K)]
  0x0000026144d16660 JavaThread "pool-104-thread-1"                 [_thread_blocked, id=26740, stack(0x000000d061400000,0x000000d061500000) (1024K)]
  0x00000261440a4720 JavaThread "pool-108-thread-1"                 [_thread_blocked, id=2532, stack(0x000000d061000000,0x000000d061100000) (1024K)]
  0x000002614a2aa3d0 JavaThread "pool-111-thread-1"                 [_thread_blocked, id=12544, stack(0x000000d060800000,0x000000d060900000) (1024K)]
  0x000002614a2ad850 JavaThread "pool-115-thread-1"                 [_thread_blocked, id=29404, stack(0x000000d061500000,0x000000d061600000) (1024K)]
  0x000002614a2acb30 JavaThread "pool-119-thread-1"                 [_thread_blocked, id=21392, stack(0x000000d061700000,0x000000d061800000) (1024K)]
  0x000002614a2aaa60 JavaThread "pool-122-thread-1"                 [_thread_blocked, id=11056, stack(0x000000d061600000,0x000000d061700000) (1024K)]
  0x0000026145a925a0 JavaThread "pool-126-thread-1"                 [_thread_blocked, id=26772, stack(0x000000d061800000,0x000000d061900000) (1024K)]
  0x000002614a2ab0f0 JavaThread "pool-129-thread-1"                 [_thread_blocked, id=32164, stack(0x000000d061900000,0x000000d061a00000) (1024K)]
  0x000002614a2ab780 JavaThread "pool-133-thread-1"                 [_thread_blocked, id=12264, stack(0x000000d061b00000,0x000000d061c00000) (1024K)]
  0x000002614a2a9020 JavaThread "pool-137-thread-1"                 [_thread_blocked, id=15940, stack(0x000000d061c00000,0x000000d061d00000) (1024K)]
  0x000002614a2a8990 JavaThread "pool-140-thread-1"                 [_thread_blocked, id=14716, stack(0x000000d061d00000,0x000000d061e00000) (1024K)]
  0x0000026144d19450 JavaThread "pool-144-thread-1"                 [_thread_blocked, id=25352, stack(0x000000d062200000,0x000000d062300000) (1024K)]
  0x0000026144d1f030 JavaThread "jar transforms Thread 9"           [_thread_blocked, id=19428, stack(0x000000d05c600000,0x000000d05c700000) (1024K)]
  0x0000026144d1bbb0 JavaThread "jar transforms Thread 10"          [_thread_blocked, id=17084, stack(0x000000d05c700000,0x000000d05c800000) (1024K)]
  0x0000026144d1dc80 JavaThread "jar transforms Thread 11"          [_thread_blocked, id=22692, stack(0x000000d05cc00000,0x000000d05cd00000) (1024K)]
  0x0000026144d1c8d0 JavaThread "jar transforms Thread 12"          [_thread_blocked, id=15384, stack(0x000000d05cf00000,0x000000d05d000000) (1024K)]
  0x0000026145a8dd70 JavaThread "pool-147-thread-1"                 [_thread_blocked, id=4768, stack(0x000000d063200000,0x000000d063300000) (1024K)]
  0x0000026145a93950 JavaThread "pool-150-thread-1"                 [_thread_blocked, id=24348, stack(0x000000d062500000,0x000000d062600000) (1024K)]
  0x000002614c0b24f0 JavaThread "pool-154-thread-1"                 [_thread_blocked, id=24156, stack(0x000000d062600000,0x000000d062700000) (1024K)]
  0x000002614c0abbf0 JavaThread "pool-158-thread-1"                 [_thread_blocked, id=13180, stack(0x000000d062300000,0x000000d062400000) (1024K)]
  0x000002614c0a5980 JavaThread "pool-161-thread-1"                 [_thread_blocked, id=32096, stack(0x000000d062400000,0x000000d062500000) (1024K)]
  0x000002614c0a8770 JavaThread "pool-165-thread-1"                 [_thread_blocked, id=24612, stack(0x000000d062100000,0x000000d062200000) (1024K)]
  0x000002614c0ac910 JavaThread "pool-169-thread-1"                 [_thread_blocked, id=30436, stack(0x000000d062700000,0x000000d062800000) (1024K)]
  0x000002614c0a2b90 JavaThread "pool-172-thread-1"                 [_thread_blocked, id=16764, stack(0x000000d062800000,0x000000d062900000) (1024K)]
  0x000002614c0afd90 JavaThread "pool-176-thread-1"                 [_thread_blocked, id=8452, stack(0x000000d062a00000,0x000000d062b00000) (1024K)]
  0x000002614c0b17d0 JavaThread "pool-180-thread-1"                 [_thread_blocked, id=20044, stack(0x000000d062900000,0x000000d062a00000) (1024K)]
  0x000002614c0acfa0 JavaThread "pool-184-thread-1"                 [_thread_blocked, id=14884, stack(0x000000d062c00000,0x000000d062d00000) (1024K)]
  0x000002614c0a9490 JavaThread "pool-188-thread-1"                 [_thread_blocked, id=23592, stack(0x000000d062b00000,0x000000d062c00000) (1024K)]
  0x000002614c0b6000 JavaThread "pool-192-thread-1"                 [_thread_blocked, id=20588, stack(0x000000d063100000,0x000000d063200000) (1024K)]
  0x000002614c0aaed0 JavaThread "pool-196-thread-1"                 [_thread_blocked, id=22976, stack(0x000000d063300000,0x000000d063400000) (1024K)]
  0x000002614c0ae9e0 JavaThread "pool-200-thread-1"                 [_thread_blocked, id=32012, stack(0x000000d062d00000,0x000000d062e00000) (1024K)]
  0x000002614c0b1140 JavaThread "pool-204-thread-1"                 [_thread_blocked, id=31360, stack(0x000000d063500000,0x000000d063600000) (1024K)]
  0x000002614c0aa1b0 JavaThread "pool-208-thread-1"                 [_thread_blocked, id=29336, stack(0x000000d063400000,0x000000d063500000) (1024K)]
  0x000002614c0b2b80 JavaThread "pool-212-thread-1"                 [_thread_blocked, id=13072, stack(0x000000d063700000,0x000000d063800000) (1024K)]
  0x000002614c0bb550 JavaThread "pool-215-thread-1"                 [_thread_blocked, id=20888, stack(0x000000d05d100000,0x000000d05d200000) (1024K)]
  0x000002614c0b52e0 JavaThread "pool-218-thread-1"                 [_thread_blocked, id=7140, stack(0x000000d063c00000,0x000000d063d00000) (1024K)]
  0x000002614ab9d260 JavaThread "pool-222-thread-1"                 [_thread_blocked, id=7328, stack(0x000000d063a00000,0x000000d063b00000) (1024K)]
  0x000002614ab9b190 JavaThread "pool-226-thread-1"                 [_thread_blocked, id=1252, stack(0x000000d063b00000,0x000000d063c00000) (1024K)]
  0x000002614495c0a0 JavaThread "RMI TCP Connection(166)-127.0.0.1" daemon [_thread_in_native, id=32668, stack(0x000000d059700000,0x000000d059800000) (1024K)]
  0x000002614495c730 JavaThread "Daemon Thread 54"                  [_thread_blocked, id=21764, stack(0x000000d059800000,0x000000d059900000) (1024K)]
  0x0000026144959fd0 JavaThread "Handler for socket connection from /127.0.0.1:53571 to /127.0.0.1:57167"        [_thread_in_native, id=17520, stack(0x000000d059900000,0x000000d059a00000) (1024K)]
  0x00000261449592b0 JavaThread "Cancel handler"                    [_thread_blocked, id=23688, stack(0x000000d05b700000,0x000000d05b800000) (1024K)]
  0x000002614495d450 JavaThread "Daemon worker Thread 54"           [_thread_blocked, id=31804, stack(0x000000d05b800000,0x000000d05b900000) (1024K)]
  0x000002614495dae0 JavaThread "Asynchronous log dispatcher for DefaultDaemonConnection: socket connection from /127.0.0.1:53571 to /127.0.0.1:57167"        [_thread_blocked, id=22304, stack(0x000000d05b900000,0x000000d05ba00000) (1024K)]
  0x000002614495a660 JavaThread "Stdin handler"                     [_thread_blocked, id=24416, stack(0x000000d05ba00000,0x000000d05bb00000) (1024K)]
  0x000002614495e170 JavaThread "Daemon client event forwarder"        [_thread_blocked, id=27200, stack(0x000000d05bb00000,0x000000d05bc00000) (1024K)]
  0x000002614495acf0 JavaThread "Cache worker for file hash cache (D:\LTTBDD\foodapp\.gradle\8.13\fileHashes)"        [_thread_blocked, id=4880, stack(0x000000d05bc00000,0x000000d05bd00000) (1024K)]
  0x000002614495e800 JavaThread "Cache worker for Build Output Cleanup Cache (D:\LTTBDD\foodapp\.gradle\buildOutputCleanup)"        [_thread_blocked, id=27148, stack(0x000000d05bd00000,0x000000d05be00000) (1024K)]
  0x000002614495fbb0 JavaThread "Cache worker for checksums cache (D:\LTTBDD\foodapp\.gradle\8.13\checksums)"        [_thread_blocked, id=18208, stack(0x000000d05c400000,0x000000d05c500000) (1024K)]
  0x000002614495ee90 JavaThread "Cache worker for cache directory md-supplier (C:\Users\ADMIN\.gradle\caches\8.13\md-supplier)"        [_thread_blocked, id=14448, stack(0x000000d05c500000,0x000000d05c600000) (1024K)]
  0x000002614495f520 JavaThread "Cache worker for cache directory md-rule (C:\Users\ADMIN\.gradle\caches\8.13\md-rule)"        [_thread_blocked, id=28352, stack(0x000000d05d000000,0x000000d05d100000) (1024K)]
  0x0000026144960240 JavaThread "Unconstrained build operations"        [_thread_blocked, id=10148, stack(0x000000d05d200000,0x000000d05d300000) (1024K)]
  0x00000261449608d0 JavaThread "Unconstrained build operations Thread 2"        [_thread_blocked, id=31792, stack(0x000000d05d300000,0x000000d05d400000) (1024K)]
  0x000002614ab8e620 JavaThread "Unconstrained build operations Thread 3"        [_thread_blocked, id=17592, stack(0x000000d05d500000,0x000000d05d600000) (1024K)]
  0x000002614ab8f9d0 JavaThread "Unconstrained build operations Thread 4"        [_thread_blocked, id=7412, stack(0x000000d05d700000,0x000000d05d800000) (1024K)]
  0x000002614ab90060 JavaThread "Unconstrained build operations Thread 5"        [_thread_blocked, id=31676, stack(0x000000d05d800000,0x000000d05d900000) (1024K)]
  0x000002614ab8ecb0 JavaThread "Unconstrained build operations Thread 6"        [_thread_blocked, id=15152, stack(0x000000d05db00000,0x000000d05dc00000) (1024K)]
  0x000002614ab8df90 JavaThread "Unconstrained build operations Thread 7"        [_thread_blocked, id=25060, stack(0x000000d05dc00000,0x000000d05dd00000) (1024K)]
  0x000002614ab906f0 JavaThread "Unconstrained build operations Thread 8"        [_thread_blocked, id=17280, stack(0x000000d05dd00000,0x000000d05de00000) (1024K)]
  0x000002614ab90d80 JavaThread "Unconstrained build operations Thread 9"        [_thread_blocked, id=31028, stack(0x000000d05de00000,0x000000d05df00000) (1024K)]
  0x000002614ab8d900 JavaThread "Unconstrained build operations Thread 10"        [_thread_blocked, id=16324, stack(0x000000d05e200000,0x000000d05e300000) (1024K)]
  0x000002614ab94890 JavaThread "Unconstrained build operations Thread 11"        [_thread_blocked, id=4228, stack(0x000000d05e300000,0x000000d05e400000) (1024K)]
  0x000002614ab92130 JavaThread "Unconstrained build operations Thread 12"        [_thread_blocked, id=9212, stack(0x000000d05e400000,0x000000d05e500000) (1024K)]
  0x000002614ab91410 JavaThread "Unconstrained build operations Thread 13"        [_thread_blocked, id=30084, stack(0x000000d05e500000,0x000000d05e600000) (1024K)]
  0x000002614ab94f20 JavaThread "Unconstrained build operations Thread 14"        [_thread_blocked, id=31456, stack(0x000000d05e600000,0x000000d05e700000) (1024K)]
  0x000002614ab92e50 JavaThread "Unconstrained build operations Thread 15"        [_thread_blocked, id=19268, stack(0x000000d05e700000,0x000000d05e800000) (1024K)]
  0x000002614ab91aa0 JavaThread "Unconstrained build operations Thread 16"        [_thread_blocked, id=9388, stack(0x000000d05e800000,0x000000d05e900000) (1024K)]
  0x000002614ab927c0 JavaThread "Unconstrained build operations Thread 17"        [_thread_blocked, id=30844, stack(0x000000d05e900000,0x000000d05ea00000) (1024K)]
  0x000002614ab962d0 JavaThread "Unconstrained build operations Thread 18"        [_thread_blocked, id=16592, stack(0x000000d05ea00000,0x000000d05eb00000) (1024K)]
  0x000002614ab955b0 JavaThread "Unconstrained build operations Thread 19"        [_thread_blocked, id=7052, stack(0x000000d05eb00000,0x000000d05ec00000) (1024K)]
  0x000002614ab93b70 JavaThread "Unconstrained build operations Thread 20"        [_thread_blocked, id=20664, stack(0x000000d05ec00000,0x000000d05ed00000) (1024K)]
  0x000002614ab95c40 JavaThread "Unconstrained build operations Thread 21"        [_thread_blocked, id=11704, stack(0x000000d05ed00000,0x000000d05ee00000) (1024K)]
  0x000002614ab94200 JavaThread "Unconstrained build operations Thread 22"        [_thread_blocked, id=14204, stack(0x000000d05ee00000,0x000000d05ef00000) (1024K)]
  0x000002614ab96960 JavaThread "Unconstrained build operations Thread 23"        [_thread_blocked, id=29668, stack(0x000000d05ef00000,0x000000d05f000000) (1024K)]
  0x000002614ab934e0 JavaThread "Unconstrained build operations Thread 24"        [_thread_blocked, id=32568, stack(0x000000d05f000000,0x000000d05f100000) (1024K)]
  0x000002614ab99de0 JavaThread "Unconstrained build operations Thread 25"        [_thread_blocked, id=27660, stack(0x000000d05f100000,0x000000d05f200000) (1024K)]
  0x000002614ab98a30 JavaThread "Unconstrained build operations Thread 26"        [_thread_blocked, id=2080, stack(0x000000d05f600000,0x000000d05f700000) (1024K)]
  0x000002614ab97680 JavaThread "Unconstrained build operations Thread 27"        [_thread_blocked, id=11792, stack(0x000000d061a00000,0x000000d061b00000) (1024K)]
  0x000002614ab983a0 JavaThread "Unconstrained build operations Thread 28"        [_thread_blocked, id=5456, stack(0x000000d061e00000,0x000000d061f00000) (1024K)]
  0x000002614ab990c0 JavaThread "Unconstrained build operations Thread 29"        [_thread_blocked, id=20536, stack(0x000000d061f00000,0x000000d062000000) (1024K)]
  0x000002614ab96ff0 JavaThread "Unconstrained build operations Thread 30"        [_thread_blocked, id=27564, stack(0x000000d062000000,0x000000d062100000) (1024K)]
  0x000002614ab99750 JavaThread "build event listener"              [_thread_blocked, id=14388, stack(0x000000d063600000,0x000000d063700000) (1024K)]
  0x000002614ab9a470 JavaThread "build event listener"              [_thread_blocked, id=20428, stack(0x000000d063800000,0x000000d063900000) (1024K)]
  0x000002614ab9ab00 JavaThread "pool-230-thread-1"                 [_thread_blocked, id=21360, stack(0x000000d063900000,0x000000d063a00000) (1024K)]
  0x000002614ab97d10 JavaThread "build event listener"              [_thread_blocked, id=23804, stack(0x000000d063d00000,0x000000d063e00000) (1024K)]
  0x000002614ab9d8f0 JavaThread "included builds"                   [_thread_blocked, id=18920, stack(0x000000d063e00000,0x000000d063f00000) (1024K)]
  0x000002614ab9b820 JavaThread "Execution worker"                  [_thread_blocked, id=30832, stack(0x000000d063f00000,0x000000d064000000) (1024K)]
  0x000002614ab9f330 JavaThread "Execution worker Thread 2"         [_thread_blocked, id=3224, stack(0x000000d064000000,0x000000d064100000) (1024K)]
  0x000002614ab9df80 JavaThread "Execution worker Thread 3"         [_thread_blocked, id=19472, stack(0x000000d064100000,0x000000d064200000) (1024K)]
  0x000002614ab9e610 JavaThread "Execution worker Thread 4"         [_thread_blocked, id=29992, stack(0x000000d064200000,0x000000d064300000) (1024K)]
  0x000002614ab9cbd0 JavaThread "Execution worker Thread 5"         [_thread_blocked, id=376, stack(0x000000d064300000,0x000000d064400000) (1024K)]
  0x000002614ab9eca0 JavaThread "Execution worker Thread 6"         [_thread_blocked, id=3004, stack(0x000000d064400000,0x000000d064500000) (1024K)]
  0x000002614ab9beb0 JavaThread "Execution worker Thread 7"         [_thread_blocked, id=18784, stack(0x000000d064500000,0x000000d064600000) (1024K)]
  0x000002614ab9f9c0 JavaThread "Execution worker Thread 8"         [_thread_blocked, id=2044, stack(0x000000d064600000,0x000000d064700000) (1024K)]
  0x000002614ab9c540 JavaThread "Execution worker Thread 9"         [_thread_blocked, id=23608, stack(0x000000d064700000,0x000000d064800000) (1024K)]
  0x000002614aba1400 JavaThread "Execution worker Thread 10"        [_thread_blocked, id=22172, stack(0x000000d064800000,0x000000d064900000) (1024K)]
  0x000002614aba0050 JavaThread "Cache worker for execution history cache (D:\LTTBDD\foodapp\.gradle\8.13\executionHistory)"        [_thread_blocked, id=19108, stack(0x000000d064900000,0x000000d064a00000) (1024K)]
  0x000002614aba0d70 JavaThread "Execution worker Thread 11"        [_thread_blocked, id=1388, stack(0x000000d064a00000,0x000000d064b00000) (1024K)]
  0x000002614aba1a90 JavaThread "Unconstrained build operations Thread 31"        [_thread_blocked, id=27560, stack(0x000000d064b00000,0x000000d064c00000) (1024K)]
  0x000002614aba2120 JavaThread "Unconstrained build operations Thread 32"        [_thread_blocked, id=17200, stack(0x000000d064c00000,0x000000d064d00000) (1024K)]
  0x000002614aba27b0 JavaThread "Unconstrained build operations Thread 33"        [_thread_blocked, id=11652, stack(0x000000d064d00000,0x000000d064e00000) (1024K)]
  0x000002614aba2e40 JavaThread "Unconstrained build operations Thread 34"        [_thread_blocked, id=32440, stack(0x000000d064e00000,0x000000d064f00000) (1024K)]
  0x000002614aba3b60 JavaThread "Unconstrained build operations Thread 35"        [_thread_blocked, id=20592, stack(0x000000d064f00000,0x000000d065000000) (1024K)]
  0x000002614aba34d0 JavaThread "Unconstrained build operations Thread 36"        [_thread_blocked, id=27844, stack(0x000000d065000000,0x000000d065100000) (1024K)]
  0x000002614aba06e0 JavaThread "Unconstrained build operations Thread 37"        [_thread_blocked, id=132, stack(0x000000d065100000,0x000000d065200000) (1024K)]
  0x000002614aba6fe0 JavaThread "Unconstrained build operations Thread 38"        [_thread_blocked, id=18024, stack(0x000000d065200000,0x000000d065300000) (1024K)]
  0x000002614aba62c0 JavaThread "Unconstrained build operations Thread 39"        [_thread_blocked, id=29252, stack(0x000000d065300000,0x000000d065400000) (1024K)]
  0x000002614aba7670 JavaThread "Unconstrained build operations Thread 40"        [_thread_blocked, id=23224, stack(0x000000d065400000,0x000000d065500000) (1024K)]
  0x000002614aba4f10 JavaThread "Unconstrained build operations Thread 41"        [_thread_blocked, id=30184, stack(0x000000d065500000,0x000000d065600000) (1024K)]
  0x000002614aba41f0 JavaThread "Unconstrained build operations Thread 42"        [_thread_blocked, id=24856, stack(0x000000d065600000,0x000000d065700000) (1024K)]
  0x000002614aba55a0 JavaThread "Unconstrained build operations Thread 43"        [_thread_blocked, id=5352, stack(0x000000d065700000,0x000000d065800000) (1024K)]
  0x000002614aba5c30 JavaThread "Unconstrained build operations Thread 44"        [_thread_blocked, id=8656, stack(0x000000d065800000,0x000000d065900000) (1024K)]
  0x000002614aba4880 JavaThread "Unconstrained build operations Thread 45"        [_thread_blocked, id=1224, stack(0x000000d065900000,0x000000d065a00000) (1024K)]
  0x000002614aba6950 JavaThread "Unconstrained build operations Thread 46"        [_thread_blocked, id=25608, stack(0x000000d065a00000,0x000000d065b00000) (1024K)]
  0x000002614abaa460 JavaThread "Unconstrained build operations Thread 47"        [_thread_blocked, id=3676, stack(0x000000d065b00000,0x000000d065c00000) (1024K)]
  0x000002614abab180 JavaThread "Unconstrained build operations Thread 48"        [_thread_blocked, id=13424, stack(0x000000d065c00000,0x000000d065d00000) (1024K)]
  0x000002614aba8a20 JavaThread "Unconstrained build operations Thread 49"        [_thread_blocked, id=18276, stack(0x000000d065d00000,0x000000d065e00000) (1024K)]
  0x000002614aba90b0 JavaThread "Unconstrained build operations Thread 50"        [_thread_blocked, id=31240, stack(0x000000d065e00000,0x000000d065f00000) (1024K)]
  0x000002614aba7d00 JavaThread "Unconstrained build operations Thread 51"        [_thread_blocked, id=7300, stack(0x000000d065f00000,0x000000d066000000) (1024K)]
  0x000002614abab810 JavaThread "Unconstrained build operations Thread 52"        [_thread_blocked, id=19088, stack(0x000000d066000000,0x000000d066100000) (1024K)]
  0x000002614aba9740 JavaThread "Unconstrained build operations Thread 53"        [_thread_blocked, id=6100, stack(0x000000d066100000,0x000000d066200000) (1024K)]
  0x000002614abaaaf0 JavaThread "Unconstrained build operations Thread 54"        [_thread_blocked, id=6784, stack(0x000000d066200000,0x000000d066300000) (1024K)]
  0x000002614aba8390 JavaThread "Unconstrained build operations Thread 55"        [_thread_blocked, id=10040, stack(0x000000d066300000,0x000000d066400000) (1024K)]
  0x000002614abacbc0 JavaThread "Unconstrained build operations Thread 56"        [_thread_blocked, id=32564, stack(0x000000d066400000,0x000000d066500000) (1024K)]
  0x000002614ababea0 JavaThread "Unconstrained build operations Thread 57"        [_thread_blocked, id=10432, stack(0x000000d066500000,0x000000d066600000) (1024K)]
  0x000002614aba9dd0 JavaThread "Unconstrained build operations Thread 58"        [_thread_blocked, id=19300, stack(0x000000d066600000,0x000000d066700000) (1024K)]
  0x000002614abac530 JavaThread "WorkerExecutor Queue"              [_thread_blocked, id=9392, stack(0x000000d066700000,0x000000d066800000) (1024K)]
  0x000002614c09dcd0 JavaThread "RMI RenewClean-[127.0.0.1:17991,org.jetbrains.kotlin.daemon.common.LoopbackNetworkInterface$ClientLoopbackSocketFactory@6b758470]" daemon [_thread_blocked, id=3664, stack(0x000000d066800000,0x000000d066900000) (1024K)]
  0x000002614c09e9f0 JavaThread "Unconstrained build operations Thread 59"        [_thread_blocked, id=23144, stack(0x000000d066900000,0x000000d066a00000) (1024K)]
  0x000002614c09fda0 JavaThread "Unconstrained build operations Thread 60"        [_thread_blocked, id=31564, stack(0x000000d066a00000,0x000000d066b00000) (1024K)]
  0x000002614c0a17e0 JavaThread "Unconstrained build operations Thread 61"        [_thread_blocked, id=23604, stack(0x000000d066b00000,0x000000d066c00000) (1024K)]
  0x000002614c0a0ac0 JavaThread "Unconstrained build operations Thread 62"        [_thread_blocked, id=24060, stack(0x000000d066c00000,0x000000d066d00000) (1024K)]
  0x000002614c0a1150 JavaThread "Unconstrained build operations Thread 63"        [_thread_blocked, id=25052, stack(0x000000d066d00000,0x000000d066e00000) (1024K)]
  0x000002614c09e360 JavaThread "Unconstrained build operations Thread 64"        [_thread_blocked, id=29364, stack(0x000000d066e00000,0x000000d066f00000) (1024K)]
  0x000002614c09f080 JavaThread "Unconstrained build operations Thread 65"        [_thread_blocked, id=29784, stack(0x000000d066f00000,0x000000d067000000) (1024K)]
  0x000002614c0a2500 JavaThread "Unconstrained build operations Thread 66"        [_thread_blocked, id=27548, stack(0x000000d067000000,0x000000d067100000) (1024K)]
  0x000002614c09f710 JavaThread "Unconstrained build operations Thread 67"        [_thread_blocked, id=32536, stack(0x000000d067100000,0x000000d067200000) (1024K)]
  0x000002614c0a38b0 JavaThread "Unconstrained build operations Thread 68"        [_thread_blocked, id=26424, stack(0x000000d067200000,0x000000d067300000) (1024K)]
  0x000002614c0a66a0 JavaThread "Unconstrained build operations Thread 69"        [_thread_blocked, id=32048, stack(0x000000d067300000,0x000000d067400000) (1024K)]
  0x000002614c0a0430 JavaThread "WorkerExecutor Queue Thread 2"        [_thread_blocked, id=27076, stack(0x000000d067400000,0x000000d067500000) (1024K)]
  0x000002614c0a4c60 JavaThread "WorkerExecutor Queue Thread 3"        [_thread_blocked, id=31552, stack(0x000000d067500000,0x000000d067600000) (1024K)]
  0x000002614c0a6010 JavaThread "WorkerExecutor Queue Thread 4"        [_thread_blocked, id=8252, stack(0x000000d067600000,0x000000d067700000) (1024K)]
  0x000002614c0a52f0 JavaThread "WorkerExecutor Queue Thread 5"        [_thread_blocked, id=22068, stack(0x000000d067700000,0x000000d067800000) (1024K)]
  0x000002614c0a3f40 JavaThread "WorkerExecutor Queue Thread 6"        [_thread_blocked, id=30908, stack(0x000000d067800000,0x000000d067900000) (1024K)]
  0x000002614c0a6d30 JavaThread "WorkerExecutor Queue Thread 7"        [_thread_blocked, id=15196, stack(0x000000d067900000,0x000000d067a00000) (1024K)]
  0x000002614c0a45d0 JavaThread "WorkerExecutor Queue Thread 8"        [_thread_blocked, id=14216, stack(0x000000d067a00000,0x000000d067b00000) (1024K)]
  0x000002614c0a3220 JavaThread "WorkerExecutor Queue Thread 9"        [_thread_blocked, id=3400, stack(0x000000d067b00000,0x000000d067c00000) (1024K)]
  0x000002614c0aa840 JavaThread "WorkerExecutor Queue Thread 10"        [_thread_blocked, id=4488, stack(0x000000d067c00000,0x000000d067d00000) (1024K)]
  0x000002614c0a7a50 JavaThread "WorkerExecutor Queue Thread 11"        [_thread_blocked, id=1416, stack(0x000000d067d00000,0x000000d067e00000) (1024K)]
  0x000002614c0a8e00 JavaThread "WorkerExecutor Queue Thread 12"        [_thread_blocked, id=28124, stack(0x000000d067e00000,0x000000d067f00000) (1024K)]
  0x000002614c0a9b20 JavaThread "WorkerExecutor Queue Thread 13"        [_thread_blocked, id=32636, stack(0x000000d067f00000,0x000000d068000000) (1024K)]
Total: 215

Other Threads:
=>0x00000261395a3ab0 VMThread "VM Thread"                           [id=18092, stack(0x000000d05a100000,0x000000d05a200000) (1024K)]
  0x0000026139591920 WatcherThread "VM Periodic Task Thread"        [id=1796, stack(0x000000d05a000000,0x000000d05a100000) (1024K)]
  0x000002611f2e24c0 WorkerThread "GC Thread#0"                     [id=32480, stack(0x000000d059b00000,0x000000d059c00000) (1024K)]
  0x000002613e6e5880 WorkerThread "GC Thread#1"                     [id=9236, stack(0x000000d05ae00000,0x000000d05af00000) (1024K)]
  0x000002613e6e5c20 WorkerThread "GC Thread#2"                     [id=18948, stack(0x000000d05af00000,0x000000d05b000000) (1024K)]
  0x000002613e118e50 WorkerThread "GC Thread#3"                     [id=26908, stack(0x000000d05b000000,0x000000d05b100000) (1024K)]
  0x000002613e1191f0 WorkerThread "GC Thread#4"                     [id=13784, stack(0x000000d05b100000,0x000000d05b200000) (1024K)]
  0x000002613e119590 WorkerThread "GC Thread#5"                     [id=18368, stack(0x000000d05b200000,0x000000d05b300000) (1024K)]
  0x000002613e119930 WorkerThread "GC Thread#6"                     [id=27024, stack(0x000000d05b300000,0x000000d05b400000) (1024K)]
  0x000002613e119cd0 WorkerThread "GC Thread#7"                     [id=21692, stack(0x000000d05b400000,0x000000d05b500000) (1024K)]
  0x000002613e4b3850 WorkerThread "GC Thread#8"                     [id=10508, stack(0x000000d05b500000,0x000000d05b600000) (1024K)]
  0x000002613fa9c0c0 WorkerThread "GC Thread#9"                     [id=12880, stack(0x000000d05be00000,0x000000d05bf00000) (1024K)]
  0x000002611f2f33b0 ConcurrentGCThread "G1 Main Marker"            [id=13528, stack(0x000000d059c00000,0x000000d059d00000) (1024K)]
  0x000002611f2f45d0 WorkerThread "G1 Conc#0"                       [id=15844, stack(0x000000d059d00000,0x000000d059e00000) (1024K)]
  0x000002613fa9b980 WorkerThread "G1 Conc#1"                       [id=3064, stack(0x000000d05bf00000,0x000000d05c000000) (1024K)]
  0x000002613fa9bd20 WorkerThread "G1 Conc#2"                       [id=19556, stack(0x000000d05c000000,0x000000d05c100000) (1024K)]
  0x00000261394652c0 ConcurrentGCThread "G1 Refine#0"               [id=28840, stack(0x000000d059e00000,0x000000d059f00000) (1024K)]
  0x00000261394657f0 ConcurrentGCThread "G1 Service"                [id=19136, stack(0x000000d059f00000,0x000000d05a000000) (1024K)]
Total: 18

Threads with active compile tasks:
C1 CompilerThread0  15272909 60150       3       java.lang.invoke.LambdaForm$DMH/0x000000080071cc00::newInvokeSpecial (27 bytes)
Total: 1

VM state: at safepoint (normal execution)

VM Mutex/Monitor currently owned by a thread:  ([mutex/lock_event])
[0x00007ffb91661468] Threads_lock - owner thread: 0x00000261395a3ab0
[0x00007ffb91661568] Heap_lock - owner thread: 0x000002614c0a6010

Heap address: 0x0000000700000000, size: 4096 MB, Compressed Oops mode: Zero based, Oop shift amount: 3

CDS archive(s) not mapped
Compressed class space mapped at: 0x0000000800000000-0x0000000840000000, reserved size: 1073741824
Narrow klass base: 0x0000000800000000, Narrow klass shift: 0, Narrow klass range: 0x40000000

GC Precious Log:
 CardTable entry size: 512
 Card Set container configuration: InlinePtr #cards 4 size 8 Array Of Cards #cards 16 size 48 Howl #buckets 8 coarsen threshold 3686 Howl Bitmap #cards 512 size 80 coarsen threshold 460 Card regions per heap region 1 cards per card region 4096
 CPUs: 12 total, 12 available
 Memory: 24279M
 Large Page Support: Disabled
 NUMA Support: Disabled
 Compressed Oops: Enabled (Zero based)
 Heap Region Size: 2M
 Heap Min Capacity: 8M
 Heap Initial Capacity: 380M
 Heap Max Capacity: 4G
 Pre-touch: Disabled
 Parallel Workers: 10
 Concurrent Workers: 3
 Concurrent Refinement Workers: 10
 Periodic GC: Disabled

Heap:
 garbage-first heap   total 972800K, used 312210K [0x0000000700000000, 0x0000000800000000)
  region size 2048K, 13 young (26624K), 13 survivors (26624K)
 Metaspace       used 198301K, committed 200384K, reserved 1245184K
  class space    used 25653K, committed 26688K, reserved 1048576K

Heap Regions: E=young(eden), S=young(survivor), O=old, HS=humongous(starts), HC=humongous(continues), CS=collection set, F=free, TAMS=top-at-mark-start, PB=parsable bottom
|   0|0x0000000700000000, 0x0000000700200000, 0x0000000700200000|100%|HS|  |TAMS 0x0000000700000000| PB 0x0000000700000000| Complete 
|   1|0x0000000700200000, 0x0000000700400000, 0x0000000700400000|100%|HC|  |TAMS 0x0000000700200000| PB 0x0000000700200000| Complete 
|   2|0x0000000700400000, 0x0000000700600000, 0x0000000700600000|100%| O|  |TAMS 0x0000000700400000| PB 0x0000000700400000| Untracked 
|   3|0x0000000700600000, 0x0000000700800000, 0x0000000700800000|100%| O|  |TAMS 0x0000000700600000| PB 0x0000000700600000| Untracked 
|   4|0x0000000700800000, 0x0000000700a00000, 0x0000000700a00000|100%| O|  |TAMS 0x0000000700800000| PB 0x0000000700800000| Untracked 
|   5|0x0000000700a00000, 0x0000000700bf2c48, 0x0000000700c00000| 97%| O|  |TAMS 0x0000000700a00000| PB 0x0000000700a00000| Untracked 
|   6|0x0000000700c00000, 0x0000000700e00000, 0x0000000700e00000|100%| O|  |TAMS 0x0000000700c00000| PB 0x0000000700c00000| Untracked 
|   7|0x0000000700e00000, 0x0000000701000000, 0x0000000701000000|100%| O|  |TAMS 0x0000000700e00000| PB 0x0000000700e00000| Untracked 
|   8|0x0000000701000000, 0x0000000701200000, 0x0000000701200000|100%| O|  |TAMS 0x0000000701000000| PB 0x0000000701000000| Untracked 
|   9|0x0000000701200000, 0x0000000701400000, 0x0000000701400000|100%| O|  |TAMS 0x0000000701200000| PB 0x0000000701200000| Untracked 
|  10|0x0000000701400000, 0x0000000701600000, 0x0000000701600000|100%| O|  |TAMS 0x0000000701400000| PB 0x0000000701400000| Untracked 
|  11|0x0000000701600000, 0x0000000701800000, 0x0000000701800000|100%| O|  |TAMS 0x0000000701600000| PB 0x0000000701600000| Untracked 
|  12|0x0000000701800000, 0x0000000701a00000, 0x0000000701a00000|100%| O|  |TAMS 0x0000000701800000| PB 0x0000000701800000| Untracked 
|  13|0x0000000701a00000, 0x0000000701c00000, 0x0000000701c00000|100%| O|  |TAMS 0x0000000701a00000| PB 0x0000000701a00000| Untracked 
|  14|0x0000000701c00000, 0x0000000701e00000, 0x0000000701e00000|100%| O|  |TAMS 0x0000000701c00000| PB 0x0000000701c00000| Untracked 
|  15|0x0000000701e00000, 0x0000000702000000, 0x0000000702000000|100%| O|  |TAMS 0x0000000701e00000| PB 0x0000000701e00000| Untracked 
|  16|0x0000000702000000, 0x0000000702200000, 0x0000000702200000|100%| O|  |TAMS 0x0000000702000000| PB 0x0000000702000000| Untracked 
|  17|0x0000000702200000, 0x0000000702400000, 0x0000000702400000|100%| O|  |TAMS 0x0000000702200000| PB 0x0000000702200000| Untracked 
|  18|0x0000000702400000, 0x0000000702600000, 0x0000000702600000|100%| O|  |TAMS 0x0000000702400000| PB 0x0000000702400000| Untracked 
|  19|0x0000000702600000, 0x0000000702800000, 0x0000000702800000|100%| O|  |TAMS 0x0000000702600000| PB 0x0000000702600000| Untracked 
|  20|0x0000000702800000, 0x0000000702a00000, 0x0000000702a00000|100%| O|  |TAMS 0x0000000702800000| PB 0x0000000702800000| Untracked 
|  21|0x0000000702a00000, 0x0000000702c00000, 0x0000000702c00000|100%| O|  |TAMS 0x0000000702a00000| PB 0x0000000702a00000| Untracked 
|  22|0x0000000702c00000, 0x0000000702e00000, 0x0000000702e00000|100%| O|  |TAMS 0x0000000702c00000| PB 0x0000000702c00000| Untracked 
|  23|0x0000000702e00000, 0x0000000703000000, 0x0000000703000000|100%| O|  |TAMS 0x0000000702e00000| PB 0x0000000702e00000| Untracked 
|  24|0x0000000703000000, 0x0000000703200000, 0x0000000703200000|100%|HS|  |TAMS 0x0000000703000000| PB 0x0000000703000000| Complete 
|  25|0x0000000703200000, 0x0000000703400000, 0x0000000703400000|100%| O|  |TAMS 0x0000000703200000| PB 0x0000000703200000| Untracked 
|  26|0x0000000703400000, 0x0000000703600000, 0x0000000703600000|100%|HS|  |TAMS 0x0000000703400000| PB 0x0000000703400000| Complete 
|  27|0x0000000703600000, 0x0000000703800000, 0x0000000703800000|100%|HS|  |TAMS 0x0000000703600000| PB 0x0000000703600000| Complete 
|  28|0x0000000703800000, 0x0000000703a00000, 0x0000000703a00000|100%|HC|  |TAMS 0x0000000703800000| PB 0x0000000703800000| Complete 
|  29|0x0000000703a00000, 0x0000000703c00000, 0x0000000703c00000|100%| O|  |TAMS 0x0000000703a00000| PB 0x0000000703a00000| Untracked 
|  30|0x0000000703c00000, 0x0000000703e00000, 0x0000000703e00000|100%| O|  |TAMS 0x0000000703c00000| PB 0x0000000703c00000| Untracked 
|  31|0x0000000703e00000, 0x0000000704000000, 0x0000000704000000|100%| O|  |TAMS 0x0000000703e00000| PB 0x0000000703e00000| Untracked 
|  32|0x0000000704000000, 0x0000000704200000, 0x0000000704200000|100%| O|  |TAMS 0x0000000704000000| PB 0x0000000704000000| Untracked 
|  33|0x0000000704200000, 0x0000000704400000, 0x0000000704400000|100%| O|  |TAMS 0x0000000704200000| PB 0x0000000704200000| Untracked 
|  34|0x0000000704400000, 0x0000000704600000, 0x0000000704600000|100%| O|  |TAMS 0x0000000704400000| PB 0x0000000704400000| Untracked 
|  35|0x0000000704600000, 0x0000000704600000, 0x0000000704800000|  0%| F|  |TAMS 0x0000000704600000| PB 0x0000000704600000| Untracked 
|  36|0x0000000704800000, 0x0000000704a00000, 0x0000000704a00000|100%| O|  |TAMS 0x0000000704800000| PB 0x0000000704800000| Untracked 
|  37|0x0000000704a00000, 0x0000000704c00000, 0x0000000704c00000|100%| O|  |TAMS 0x0000000704a00000| PB 0x0000000704a00000| Untracked 
|  38|0x0000000704c00000, 0x0000000704e00000, 0x0000000704e00000|100%| O|  |TAMS 0x0000000704c00000| PB 0x0000000704c00000| Untracked 
|  39|0x0000000704e00000, 0x0000000705000000, 0x0000000705000000|100%|HS|  |TAMS 0x0000000704e00000| PB 0x0000000704e00000| Complete 
|  40|0x0000000705000000, 0x0000000705200000, 0x0000000705200000|100%|HC|  |TAMS 0x0000000705000000| PB 0x0000000705000000| Complete 
|  41|0x0000000705200000, 0x0000000705400000, 0x0000000705400000|100%| O|  |TAMS 0x0000000705200000| PB 0x0000000705200000| Untracked 
|  42|0x0000000705400000, 0x0000000705600000, 0x0000000705600000|100%| O|  |TAMS 0x0000000705400000| PB 0x0000000705400000| Untracked 
|  43|0x0000000705600000, 0x0000000705800000, 0x0000000705800000|100%| O|  |TAMS 0x0000000705600000| PB 0x0000000705600000| Untracked 
|  44|0x0000000705800000, 0x0000000705a00000, 0x0000000705a00000|100%| O|  |TAMS 0x0000000705800000| PB 0x0000000705800000| Untracked 
|  45|0x0000000705a00000, 0x0000000705c00000, 0x0000000705c00000|100%| O|  |TAMS 0x0000000705a00000| PB 0x0000000705a00000| Untracked 
|  46|0x0000000705c00000, 0x0000000705e00000, 0x0000000705e00000|100%| O|  |TAMS 0x0000000705c00000| PB 0x0000000705c00000| Untracked 
|  47|0x0000000705e00000, 0x0000000706000000, 0x0000000706000000|100%| O|  |TAMS 0x0000000705e00000| PB 0x0000000705e00000| Untracked 
|  48|0x0000000706000000, 0x0000000706200000, 0x0000000706200000|100%| O|  |TAMS 0x0000000706000000| PB 0x0000000706000000| Untracked 
|  49|0x0000000706200000, 0x0000000706400000, 0x0000000706400000|100%| O|  |TAMS 0x0000000706200000| PB 0x0000000706200000| Untracked 
|  50|0x0000000706400000, 0x0000000706600000, 0x0000000706600000|100%| O|  |TAMS 0x0000000706400000| PB 0x0000000706400000| Untracked 
|  51|0x0000000706600000, 0x0000000706800000, 0x0000000706800000|100%| O|  |TAMS 0x0000000706600000| PB 0x0000000706600000| Untracked 
|  52|0x0000000706800000, 0x0000000706a00000, 0x0000000706a00000|100%| O|  |TAMS 0x0000000706800000| PB 0x0000000706800000| Untracked 
|  53|0x0000000706a00000, 0x0000000706c00000, 0x0000000706c00000|100%| O|  |TAMS 0x0000000706a00000| PB 0x0000000706a00000| Untracked 
|  54|0x0000000706c00000, 0x0000000706e00000, 0x0000000706e00000|100%| O|  |TAMS 0x0000000706c00000| PB 0x0000000706c00000| Untracked 
|  55|0x0000000706e00000, 0x0000000707000000, 0x0000000707000000|100%| O|  |TAMS 0x0000000706e00000| PB 0x0000000706e00000| Untracked 
|  56|0x0000000707000000, 0x0000000707200000, 0x0000000707200000|100%| O|  |TAMS 0x0000000707000000| PB 0x0000000707000000| Untracked 
|  57|0x0000000707200000, 0x0000000707400000, 0x0000000707400000|100%| O|  |TAMS 0x0000000707200000| PB 0x0000000707200000| Untracked 
|  58|0x0000000707400000, 0x0000000707600000, 0x0000000707600000|100%| O|  |TAMS 0x0000000707400000| PB 0x0000000707400000| Untracked 
|  59|0x0000000707600000, 0x0000000707800000, 0x0000000707800000|100%| O|  |TAMS 0x0000000707600000| PB 0x0000000707600000| Untracked 
|  60|0x0000000707800000, 0x0000000707a00000, 0x0000000707a00000|100%| O|  |TAMS 0x0000000707800000| PB 0x0000000707800000| Untracked 
|  61|0x0000000707a00000, 0x0000000707c00000, 0x0000000707c00000|100%| O|  |TAMS 0x0000000707a00000| PB 0x0000000707a00000| Untracked 
|  62|0x0000000707c00000, 0x0000000707e00000, 0x0000000707e00000|100%| O|  |TAMS 0x0000000707c00000| PB 0x0000000707c00000| Untracked 
|  63|0x0000000707e00000, 0x0000000708000000, 0x0000000708000000|100%| O|  |TAMS 0x0000000707e00000| PB 0x0000000707e00000| Untracked 
|  64|0x0000000708000000, 0x0000000708200000, 0x0000000708200000|100%| O|  |TAMS 0x0000000708000000| PB 0x0000000708000000| Untracked 
|  65|0x0000000708200000, 0x0000000708400000, 0x0000000708400000|100%| O|  |TAMS 0x0000000708200000| PB 0x0000000708200000| Untracked 
|  66|0x0000000708400000, 0x0000000708600000, 0x0000000708600000|100%| O|  |TAMS 0x0000000708400000| PB 0x0000000708400000| Untracked 
|  67|0x0000000708600000, 0x0000000708800000, 0x0000000708800000|100%| O|  |TAMS 0x0000000708600000| PB 0x0000000708600000| Untracked 
|  68|0x0000000708800000, 0x0000000708a00000, 0x0000000708a00000|100%| O|  |TAMS 0x0000000708800000| PB 0x0000000708800000| Untracked 
|  69|0x0000000708a00000, 0x0000000708c00000, 0x0000000708c00000|100%| O|  |TAMS 0x0000000708a00000| PB 0x0000000708a00000| Untracked 
|  70|0x0000000708c00000, 0x0000000708e00000, 0x0000000708e00000|100%| O|  |TAMS 0x0000000708c00000| PB 0x0000000708c00000| Untracked 
|  71|0x0000000708e00000, 0x0000000709000000, 0x0000000709000000|100%| O|  |TAMS 0x0000000708e00000| PB 0x0000000708e00000| Untracked 
|  72|0x0000000709000000, 0x0000000709200000, 0x0000000709200000|100%| O|  |TAMS 0x0000000709000000| PB 0x0000000709000000| Untracked 
|  73|0x0000000709200000, 0x0000000709400000, 0x0000000709400000|100%| O|  |TAMS 0x0000000709200000| PB 0x0000000709200000| Untracked 
|  74|0x0000000709400000, 0x0000000709600000, 0x0000000709600000|100%| O|  |TAMS 0x0000000709400000| PB 0x0000000709400000| Untracked 
|  75|0x0000000709600000, 0x0000000709800000, 0x0000000709800000|100%| O|  |TAMS 0x0000000709600000| PB 0x0000000709600000| Untracked 
|  76|0x0000000709800000, 0x0000000709a00000, 0x0000000709a00000|100%| O|  |TAMS 0x0000000709800000| PB 0x0000000709800000| Untracked 
|  77|0x0000000709a00000, 0x0000000709c00000, 0x0000000709c00000|100%| O|  |TAMS 0x0000000709a00000| PB 0x0000000709a00000| Untracked 
|  78|0x0000000709c00000, 0x0000000709e00000, 0x0000000709e00000|100%| O|  |TAMS 0x0000000709c00000| PB 0x0000000709c00000| Untracked 
|  79|0x0000000709e00000, 0x000000070a000000, 0x000000070a000000|100%| O|  |TAMS 0x0000000709e00000| PB 0x0000000709e00000| Untracked 
|  80|0x000000070a000000, 0x000000070a200000, 0x000000070a200000|100%| O|  |TAMS 0x000000070a000000| PB 0x000000070a000000| Untracked 
|  81|0x000000070a200000, 0x000000070a400000, 0x000000070a400000|100%| O|  |TAMS 0x000000070a200000| PB 0x000000070a200000| Untracked 
|  82|0x000000070a400000, 0x000000070a600000, 0x000000070a600000|100%| O|  |TAMS 0x000000070a400000| PB 0x000000070a400000| Untracked 
|  83|0x000000070a600000, 0x000000070a800000, 0x000000070a800000|100%| O|  |TAMS 0x000000070a600000| PB 0x000000070a600000| Untracked 
|  84|0x000000070a800000, 0x000000070aa00000, 0x000000070aa00000|100%| O|  |TAMS 0x000000070a800000| PB 0x000000070a800000| Untracked 
|  85|0x000000070aa00000, 0x000000070ac00000, 0x000000070ac00000|100%| O|  |TAMS 0x000000070aa00000| PB 0x000000070aa00000| Untracked 
|  86|0x000000070ac00000, 0x000000070ae00000, 0x000000070ae00000|100%| O|  |TAMS 0x000000070ac00000| PB 0x000000070ac00000| Untracked 
|  87|0x000000070ae00000, 0x000000070b000000, 0x000000070b000000|100%| O|  |TAMS 0x000000070ae00000| PB 0x000000070ae00000| Untracked 
|  88|0x000000070b000000, 0x000000070b000000, 0x000000070b200000|  0%| F|  |TAMS 0x000000070b000000| PB 0x000000070b000000| Untracked 
|  89|0x000000070b200000, 0x000000070b400000, 0x000000070b400000|100%| O|  |TAMS 0x000000070b200000| PB 0x000000070b200000| Untracked 
|  90|0x000000070b400000, 0x000000070b600000, 0x000000070b600000|100%| O|  |TAMS 0x000000070b400000| PB 0x000000070b400000| Untracked 
|  91|0x000000070b600000, 0x000000070b800000, 0x000000070b800000|100%| O|  |TAMS 0x000000070b600000| PB 0x000000070b600000| Untracked 
|  92|0x000000070b800000, 0x000000070ba00000, 0x000000070ba00000|100%| O|  |TAMS 0x000000070b800000| PB 0x000000070b800000| Untracked 
|  93|0x000000070ba00000, 0x000000070bc00000, 0x000000070bc00000|100%| O|  |TAMS 0x000000070ba00000| PB 0x000000070ba00000| Untracked 
|  94|0x000000070bc00000, 0x000000070be00000, 0x000000070be00000|100%| O|  |TAMS 0x000000070bc00000| PB 0x000000070bc00000| Untracked 
|  95|0x000000070be00000, 0x000000070c000000, 0x000000070c000000|100%| O|  |TAMS 0x000000070be00000| PB 0x000000070be00000| Untracked 
|  96|0x000000070c000000, 0x000000070c200000, 0x000000070c200000|100%| O|  |TAMS 0x000000070c000000| PB 0x000000070c000000| Untracked 
|  97|0x000000070c200000, 0x000000070c400000, 0x000000070c400000|100%| O|  |TAMS 0x000000070c200000| PB 0x000000070c200000| Untracked 
|  98|0x000000070c400000, 0x000000070c400000, 0x000000070c600000|  0%| F|  |TAMS 0x000000070c400000| PB 0x000000070c400000| Untracked 
|  99|0x000000070c600000, 0x000000070c600000, 0x000000070c800000|  0%| F|  |TAMS 0x000000070c600000| PB 0x000000070c600000| Untracked 
| 100|0x000000070c800000, 0x000000070ca00000, 0x000000070ca00000|100%| O|  |TAMS 0x000000070c800000| PB 0x000000070c800000| Untracked 
| 101|0x000000070ca00000, 0x000000070cc00000, 0x000000070cc00000|100%| O|  |TAMS 0x000000070ca00000| PB 0x000000070ca00000| Untracked 
| 102|0x000000070cc00000, 0x000000070ce00000, 0x000000070ce00000|100%| O|  |TAMS 0x000000070cc00000| PB 0x000000070cc00000| Untracked 
| 103|0x000000070ce00000, 0x000000070ce00000, 0x000000070d000000|  0%| F|  |TAMS 0x000000070ce00000| PB 0x000000070ce00000| Untracked 
| 104|0x000000070d000000, 0x000000070d200000, 0x000000070d200000|100%| O|  |TAMS 0x000000070d000000| PB 0x000000070d000000| Untracked 
| 105|0x000000070d200000, 0x000000070d400000, 0x000000070d400000|100%| O|  |TAMS 0x000000070d200000| PB 0x000000070d200000| Untracked 
| 106|0x000000070d400000, 0x000000070d600000, 0x000000070d600000|100%| O|  |TAMS 0x000000070d400000| PB 0x000000070d400000| Untracked 
| 107|0x000000070d600000, 0x000000070d800000, 0x000000070d800000|100%| O|  |TAMS 0x000000070d600000| PB 0x000000070d600000| Untracked 
| 108|0x000000070d800000, 0x000000070d800000, 0x000000070da00000|  0%| F|  |TAMS 0x000000070d800000| PB 0x000000070d800000| Untracked 
| 109|0x000000070da00000, 0x000000070dc00000, 0x000000070dc00000|100%| O|  |TAMS 0x000000070da00000| PB 0x000000070da00000| Untracked 
| 110|0x000000070dc00000, 0x000000070dc00000, 0x000000070de00000|  0%| F|  |TAMS 0x000000070dc00000| PB 0x000000070dc00000| Untracked 
| 111|0x000000070de00000, 0x000000070e000000, 0x000000070e000000|100%| O|  |TAMS 0x000000070de00000| PB 0x000000070de00000| Untracked 
| 112|0x000000070e000000, 0x000000070e200000, 0x000000070e200000|100%| O|  |TAMS 0x000000070e000000| PB 0x000000070e000000| Untracked 
| 113|0x000000070e200000, 0x000000070e400000, 0x000000070e400000|100%| O|  |TAMS 0x000000070e200000| PB 0x000000070e200000| Untracked 
| 114|0x000000070e400000, 0x000000070e600000, 0x000000070e600000|100%| O|  |TAMS 0x000000070e400000| PB 0x000000070e400000| Untracked 
| 115|0x000000070e600000, 0x000000070e800000, 0x000000070e800000|100%| O|  |TAMS 0x000000070e600000| PB 0x000000070e600000| Untracked 
| 116|0x000000070e800000, 0x000000070ea00000, 0x000000070ea00000|100%| O|  |TAMS 0x000000070e800000| PB 0x000000070e800000| Untracked 
| 117|0x000000070ea00000, 0x000000070ec00000, 0x000000070ec00000|100%| O|  |TAMS 0x000000070ea00000| PB 0x000000070ea00000| Untracked 
| 118|0x000000070ec00000, 0x000000070ee00000, 0x000000070ee00000|100%|HS|  |TAMS 0x000000070ec00000| PB 0x000000070ec00000| Complete 
| 119|0x000000070ee00000, 0x000000070f000000, 0x000000070f000000|100%|HC|  |TAMS 0x000000070ee00000| PB 0x000000070ee00000| Complete 
| 120|0x000000070f000000, 0x000000070f200000, 0x000000070f200000|100%|HC|  |TAMS 0x000000070f000000| PB 0x000000070f000000| Complete 
| 121|0x000000070f200000, 0x000000070f400000, 0x000000070f400000|100%|HS|  |TAMS 0x000000070f200000| PB 0x000000070f200000| Complete 
| 122|0x000000070f400000, 0x000000070f600000, 0x000000070f600000|100%|HC|  |TAMS 0x000000070f400000| PB 0x000000070f400000| Complete 
| 123|0x000000070f600000, 0x000000070f800000, 0x000000070f800000|100%|HS|  |TAMS 0x000000070f600000| PB 0x000000070f600000| Complete 
| 124|0x000000070f800000, 0x000000070fa00000, 0x000000070fa00000|100%|HS|  |TAMS 0x000000070f800000| PB 0x000000070f800000| Complete 
| 125|0x000000070fa00000, 0x000000070fc00000, 0x000000070fc00000|100%|HC|  |TAMS 0x000000070fa00000| PB 0x000000070fa00000| Complete 
| 126|0x000000070fc00000, 0x000000070fe00000, 0x000000070fe00000|100%|HC|  |TAMS 0x000000070fc00000| PB 0x000000070fc00000| Complete 
| 127|0x000000070fe00000, 0x0000000710000000, 0x0000000710000000|100%| O|  |TAMS 0x000000070fe00000| PB 0x000000070fe00000| Untracked 
| 128|0x0000000710000000, 0x0000000710000000, 0x0000000710200000|  0%| F|  |TAMS 0x0000000710000000| PB 0x0000000710000000| Untracked 
| 129|0x0000000710200000, 0x0000000710400000, 0x0000000710400000|100%|HS|  |TAMS 0x0000000710200000| PB 0x0000000710200000| Complete 
| 130|0x0000000710400000, 0x0000000710600000, 0x0000000710600000|100%|HC|  |TAMS 0x0000000710400000| PB 0x0000000710400000| Complete 
| 131|0x0000000710600000, 0x0000000710800000, 0x0000000710800000|100%|HS|  |TAMS 0x0000000710600000| PB 0x0000000710600000| Complete 
| 132|0x0000000710800000, 0x0000000710a00000, 0x0000000710a00000|100%|HS|  |TAMS 0x0000000710800000| PB 0x0000000710800000| Complete 
| 133|0x0000000710a00000, 0x0000000710c00000, 0x0000000710c00000|100%|HS|  |TAMS 0x0000000710a00000| PB 0x0000000710a00000| Complete 
| 134|0x0000000710c00000, 0x0000000710e00000, 0x0000000710e00000|100%|HC|  |TAMS 0x0000000710c00000| PB 0x0000000710c00000| Complete 
| 135|0x0000000710e00000, 0x0000000711000000, 0x0000000711000000|100%|HC|  |TAMS 0x0000000710e00000| PB 0x0000000710e00000| Complete 
| 136|0x0000000711000000, 0x0000000711200000, 0x0000000711200000|100%|HS|  |TAMS 0x0000000711000000| PB 0x0000000711000000| Complete 
| 137|0x0000000711200000, 0x0000000711400000, 0x0000000711400000|100%|HC|  |TAMS 0x0000000711200000| PB 0x0000000711200000| Complete 
| 138|0x0000000711400000, 0x0000000711600000, 0x0000000711600000|100%|HC|  |TAMS 0x0000000711400000| PB 0x0000000711400000| Complete 
| 139|0x0000000711600000, 0x0000000711800000, 0x0000000711800000|100%|HS|  |TAMS 0x0000000711600000| PB 0x0000000711600000| Complete 
| 140|0x0000000711800000, 0x0000000711800000, 0x0000000711a00000|  0%| F|  |TAMS 0x0000000711800000| PB 0x0000000711800000| Untracked 
| 141|0x0000000711a00000, 0x0000000711a00000, 0x0000000711c00000|  0%| F|  |TAMS 0x0000000711a00000| PB 0x0000000711a00000| Untracked 
| 142|0x0000000711c00000, 0x0000000711c00000, 0x0000000711e00000|  0%| F|  |TAMS 0x0000000711c00000| PB 0x0000000711c00000| Untracked 
| 143|0x0000000711e00000, 0x0000000711e00000, 0x0000000712000000|  0%| F|  |TAMS 0x0000000711e00000| PB 0x0000000711e00000| Untracked 
| 144|0x0000000712000000, 0x0000000712000000, 0x0000000712200000|  0%| F|  |TAMS 0x0000000712000000| PB 0x0000000712000000| Untracked 
| 145|0x0000000712200000, 0x0000000712200000, 0x0000000712400000|  0%| F|  |TAMS 0x0000000712200000| PB 0x0000000712200000| Untracked 
| 146|0x0000000712400000, 0x0000000712400000, 0x0000000712600000|  0%| F|  |TAMS 0x0000000712400000| PB 0x0000000712400000| Untracked 
| 147|0x0000000712600000, 0x0000000712600000, 0x0000000712800000|  0%| F|  |TAMS 0x0000000712600000| PB 0x0000000712600000| Untracked 
| 148|0x0000000712800000, 0x0000000712800000, 0x0000000712a00000|  0%| F|  |TAMS 0x0000000712800000| PB 0x0000000712800000| Untracked 
| 149|0x0000000712a00000, 0x0000000712a00000, 0x0000000712c00000|  0%| F|  |TAMS 0x0000000712a00000| PB 0x0000000712a00000| Untracked 
| 150|0x0000000712c00000, 0x0000000712c00000, 0x0000000712e00000|  0%| F|  |TAMS 0x0000000712c00000| PB 0x0000000712c00000| Untracked 
| 151|0x0000000712e00000, 0x0000000712e00000, 0x0000000713000000|  0%| F|  |TAMS 0x0000000712e00000| PB 0x0000000712e00000| Untracked 
| 152|0x0000000713000000, 0x0000000713000000, 0x0000000713200000|  0%| F|  |TAMS 0x0000000713000000| PB 0x0000000713000000| Untracked 
| 153|0x0000000713200000, 0x0000000713200000, 0x0000000713400000|  0%| F|  |TAMS 0x0000000713200000| PB 0x0000000713200000| Untracked 
| 154|0x0000000713400000, 0x0000000713400000, 0x0000000713600000|  0%| F|  |TAMS 0x0000000713400000| PB 0x0000000713400000| Untracked 
| 155|0x0000000713600000, 0x0000000713600000, 0x0000000713800000|  0%| F|  |TAMS 0x0000000713600000| PB 0x0000000713600000| Untracked 
| 156|0x0000000713800000, 0x0000000713800000, 0x0000000713a00000|  0%| F|  |TAMS 0x0000000713800000| PB 0x0000000713800000| Untracked 
| 157|0x0000000713a00000, 0x0000000713a00000, 0x0000000713c00000|  0%| F|  |TAMS 0x0000000713a00000| PB 0x0000000713a00000| Untracked 
| 158|0x0000000713c00000, 0x0000000713c00000, 0x0000000713e00000|  0%| F|  |TAMS 0x0000000713c00000| PB 0x0000000713c00000| Untracked 
| 159|0x0000000713e00000, 0x0000000714000000, 0x0000000714000000|100%| O|  |TAMS 0x0000000713e00000| PB 0x0000000713e00000| Untracked 
| 160|0x0000000714000000, 0x0000000714000000, 0x0000000714200000|  0%| F|  |TAMS 0x0000000714000000| PB 0x0000000714000000| Untracked 
| 161|0x0000000714200000, 0x0000000714200000, 0x0000000714400000|  0%| F|  |TAMS 0x0000000714200000| PB 0x0000000714200000| Untracked 
| 162|0x0000000714400000, 0x0000000714400000, 0x0000000714600000|  0%| F|  |TAMS 0x0000000714400000| PB 0x0000000714400000| Untracked 
| 163|0x0000000714600000, 0x0000000714800000, 0x0000000714800000|100%| O|  |TAMS 0x0000000714600000| PB 0x0000000714600000| Untracked 
| 164|0x0000000714800000, 0x0000000714800000, 0x0000000714a00000|  0%| F|  |TAMS 0x0000000714800000| PB 0x0000000714800000| Untracked 
| 165|0x0000000714a00000, 0x0000000714a00000, 0x0000000714c00000|  0%| F|  |TAMS 0x0000000714a00000| PB 0x0000000714a00000| Untracked 
| 166|0x0000000714c00000, 0x0000000714c00000, 0x0000000714e00000|  0%| F|  |TAMS 0x0000000714c00000| PB 0x0000000714c00000| Untracked 
| 167|0x0000000714e00000, 0x0000000714e00000, 0x0000000715000000|  0%| F|  |TAMS 0x0000000714e00000| PB 0x0000000714e00000| Untracked 
| 168|0x0000000715000000, 0x0000000715000000, 0x0000000715200000|  0%| F|  |TAMS 0x0000000715000000| PB 0x0000000715000000| Untracked 
| 169|0x0000000715200000, 0x0000000715200000, 0x0000000715400000|  0%| F|  |TAMS 0x0000000715200000| PB 0x0000000715200000| Untracked 
| 170|0x0000000715400000, 0x0000000715400000, 0x0000000715600000|  0%| F|  |TAMS 0x0000000715400000| PB 0x0000000715400000| Untracked 
| 171|0x0000000715600000, 0x0000000715600000, 0x0000000715800000|  0%| F|  |TAMS 0x0000000715600000| PB 0x0000000715600000| Untracked 
| 172|0x0000000715800000, 0x0000000715800000, 0x0000000715a00000|  0%| F|  |TAMS 0x0000000715800000| PB 0x0000000715800000| Untracked 
| 173|0x0000000715a00000, 0x0000000715c00000, 0x0000000715c00000|100%| O|  |TAMS 0x0000000715a00000| PB 0x0000000715a00000| Untracked 
| 174|0x0000000715c00000, 0x0000000715e00000, 0x0000000715e00000|100%| O|  |TAMS 0x0000000715c00000| PB 0x0000000715c00000| Untracked 
| 175|0x0000000715e00000, 0x0000000716000000, 0x0000000716000000|100%| O|  |TAMS 0x0000000715e00000| PB 0x0000000715e00000| Untracked 
| 176|0x0000000716000000, 0x0000000716200000, 0x0000000716200000|100%| S|CS|TAMS 0x0000000716000000| PB 0x0000000716000000| Complete 
| 177|0x0000000716200000, 0x0000000716200000, 0x0000000716400000|  0%| F|  |TAMS 0x0000000716200000| PB 0x0000000716200000| Untracked 
| 178|0x0000000716400000, 0x0000000716400000, 0x0000000716600000|  0%| F|  |TAMS 0x0000000716400000| PB 0x0000000716400000| Untracked 
| 179|0x0000000716600000, 0x0000000716600000, 0x0000000716800000|  0%| F|  |TAMS 0x0000000716600000| PB 0x0000000716600000| Untracked 
| 180|0x0000000716800000, 0x0000000716800000, 0x0000000716a00000|  0%| F|  |TAMS 0x0000000716800000| PB 0x0000000716800000| Untracked 
| 181|0x0000000716a00000, 0x0000000716a00000, 0x0000000716c00000|  0%| F|  |TAMS 0x0000000716a00000| PB 0x0000000716a00000| Untracked 
| 182|0x0000000716c00000, 0x0000000716e00000, 0x0000000716e00000|100%| S|CS|TAMS 0x0000000716c00000| PB 0x0000000716c00000| Complete 
| 183|0x0000000716e00000, 0x0000000717000000, 0x0000000717000000|100%| S|CS|TAMS 0x0000000716e00000| PB 0x0000000716e00000| Complete 
| 184|0x0000000717000000, 0x0000000717200000, 0x0000000717200000|100%| S|CS|TAMS 0x0000000717000000| PB 0x0000000717000000| Complete 
| 185|0x0000000717200000, 0x0000000717400000, 0x0000000717400000|100%| S|CS|TAMS 0x0000000717200000| PB 0x0000000717200000| Complete 
| 186|0x0000000717400000, 0x0000000717600000, 0x0000000717600000|100%| S|CS|TAMS 0x0000000717400000| PB 0x0000000717400000| Complete 
| 187|0x0000000717600000, 0x0000000717800000, 0x0000000717800000|100%| S|CS|TAMS 0x0000000717600000| PB 0x0000000717600000| Complete 
| 188|0x0000000717800000, 0x0000000717a00000, 0x0000000717a00000|100%| S|CS|TAMS 0x0000000717800000| PB 0x0000000717800000| Complete 
| 189|0x0000000717a00000, 0x0000000717a00000, 0x0000000717c00000|  0%| F|  |TAMS 0x0000000717a00000| PB 0x0000000717a00000| Untracked 
| 190|0x0000000717c00000, 0x0000000717c00000, 0x0000000717e00000|  0%| F|  |TAMS 0x0000000717c00000| PB 0x0000000717c00000| Untracked 
| 191|0x0000000717e00000, 0x0000000717e00000, 0x0000000718000000|  0%| F|  |TAMS 0x0000000717e00000| PB 0x0000000717e00000| Untracked 
| 192|0x0000000718000000, 0x0000000718000000, 0x0000000718200000|  0%| F|  |TAMS 0x0000000718000000| PB 0x0000000718000000| Untracked 
| 193|0x0000000718200000, 0x0000000718200000, 0x0000000718400000|  0%| F|  |TAMS 0x0000000718200000| PB 0x0000000718200000| Untracked 
| 194|0x0000000718400000, 0x0000000718400000, 0x0000000718600000|  0%| F|  |TAMS 0x0000000718400000| PB 0x0000000718400000| Untracked 
| 195|0x0000000718600000, 0x0000000718600000, 0x0000000718800000|  0%| F|  |TAMS 0x0000000718600000| PB 0x0000000718600000| Untracked 
| 196|0x0000000718800000, 0x0000000718800000, 0x0000000718a00000|  0%| F|  |TAMS 0x0000000718800000| PB 0x0000000718800000| Untracked 
| 197|0x0000000718a00000, 0x0000000718a00000, 0x0000000718c00000|  0%| F|  |TAMS 0x0000000718a00000| PB 0x0000000718a00000| Untracked 
| 198|0x0000000718c00000, 0x0000000718c00000, 0x0000000718e00000|  0%| F|  |TAMS 0x0000000718c00000| PB 0x0000000718c00000| Untracked 
| 199|0x0000000718e00000, 0x0000000718e00000, 0x0000000719000000|  0%| F|  |TAMS 0x0000000718e00000| PB 0x0000000718e00000| Untracked 
| 200|0x0000000719000000, 0x0000000719000000, 0x0000000719200000|  0%| F|  |TAMS 0x0000000719000000| PB 0x0000000719000000| Untracked 
| 201|0x0000000719200000, 0x0000000719200000, 0x0000000719400000|  0%| F|  |TAMS 0x0000000719200000| PB 0x0000000719200000| Untracked 
| 202|0x0000000719400000, 0x0000000719400000, 0x0000000719600000|  0%| F|  |TAMS 0x0000000719400000| PB 0x0000000719400000| Untracked 
| 203|0x0000000719600000, 0x0000000719600000, 0x0000000719800000|  0%| F|  |TAMS 0x0000000719600000| PB 0x0000000719600000| Untracked 
| 204|0x0000000719800000, 0x0000000719800000, 0x0000000719a00000|  0%| F|  |TAMS 0x0000000719800000| PB 0x0000000719800000| Untracked 
| 205|0x0000000719a00000, 0x0000000719a00000, 0x0000000719c00000|  0%| F|  |TAMS 0x0000000719a00000| PB 0x0000000719a00000| Untracked 
| 206|0x0000000719c00000, 0x0000000719c00000, 0x0000000719e00000|  0%| F|  |TAMS 0x0000000719c00000| PB 0x0000000719c00000| Untracked 
| 207|0x0000000719e00000, 0x0000000719e00000, 0x000000071a000000|  0%| F|  |TAMS 0x0000000719e00000| PB 0x0000000719e00000| Untracked 
| 208|0x000000071a000000, 0x000000071a000000, 0x000000071a200000|  0%| F|  |TAMS 0x000000071a000000| PB 0x000000071a000000| Untracked 
| 209|0x000000071a200000, 0x000000071a200000, 0x000000071a400000|  0%| F|  |TAMS 0x000000071a200000| PB 0x000000071a200000| Untracked 
| 210|0x000000071a400000, 0x000000071a400000, 0x000000071a600000|  0%| F|  |TAMS 0x000000071a400000| PB 0x000000071a400000| Untracked 
| 211|0x000000071a600000, 0x000000071a600000, 0x000000071a800000|  0%| F|  |TAMS 0x000000071a600000| PB 0x000000071a600000| Untracked 
| 212|0x000000071a800000, 0x000000071a800000, 0x000000071aa00000|  0%| F|  |TAMS 0x000000071a800000| PB 0x000000071a800000| Untracked 
| 213|0x000000071aa00000, 0x000000071aa00000, 0x000000071ac00000|  0%| F|  |TAMS 0x000000071aa00000| PB 0x000000071aa00000| Untracked 
| 214|0x000000071ac00000, 0x000000071ac00000, 0x000000071ae00000|  0%| F|  |TAMS 0x000000071ac00000| PB 0x000000071ac00000| Untracked 
| 215|0x000000071ae00000, 0x000000071ae00000, 0x000000071b000000|  0%| F|  |TAMS 0x000000071ae00000| PB 0x000000071ae00000| Untracked 
| 216|0x000000071b000000, 0x000000071b000000, 0x000000071b200000|  0%| F|  |TAMS 0x000000071b000000| PB 0x000000071b000000| Untracked 
| 217|0x000000071b200000, 0x000000071b200000, 0x000000071b400000|  0%| F|  |TAMS 0x000000071b200000| PB 0x000000071b200000| Untracked 
| 218|0x000000071b400000, 0x000000071b400000, 0x000000071b600000|  0%| F|  |TAMS 0x000000071b400000| PB 0x000000071b400000| Untracked 
| 219|0x000000071b600000, 0x000000071b600000, 0x000000071b800000|  0%| F|  |TAMS 0x000000071b600000| PB 0x000000071b600000| Untracked 
| 220|0x000000071b800000, 0x000000071b800000, 0x000000071ba00000|  0%| F|  |TAMS 0x000000071b800000| PB 0x000000071b800000| Untracked 
| 221|0x000000071ba00000, 0x000000071ba00000, 0x000000071bc00000|  0%| F|  |TAMS 0x000000071ba00000| PB 0x000000071ba00000| Untracked 
| 222|0x000000071bc00000, 0x000000071bc00000, 0x000000071be00000|  0%| F|  |TAMS 0x000000071bc00000| PB 0x000000071bc00000| Untracked 
| 223|0x000000071be00000, 0x000000071be00000, 0x000000071c000000|  0%| F|  |TAMS 0x000000071be00000| PB 0x000000071be00000| Untracked 
| 224|0x000000071c000000, 0x000000071c000000, 0x000000071c200000|  0%| F|  |TAMS 0x000000071c000000| PB 0x000000071c000000| Untracked 
| 225|0x000000071c200000, 0x000000071c200000, 0x000000071c400000|  0%| F|  |TAMS 0x000000071c200000| PB 0x000000071c200000| Untracked 
| 226|0x000000071c400000, 0x000000071c400000, 0x000000071c600000|  0%| F|  |TAMS 0x000000071c400000| PB 0x000000071c400000| Untracked 
| 227|0x000000071c600000, 0x000000071c600000, 0x000000071c800000|  0%| F|  |TAMS 0x000000071c600000| PB 0x000000071c600000| Untracked 
| 228|0x000000071c800000, 0x000000071c800000, 0x000000071ca00000|  0%| F|  |TAMS 0x000000071c800000| PB 0x000000071c800000| Untracked 
| 229|0x000000071ca00000, 0x000000071ca00000, 0x000000071cc00000|  0%| F|  |TAMS 0x000000071ca00000| PB 0x000000071ca00000| Untracked 
| 230|0x000000071cc00000, 0x000000071cc00000, 0x000000071ce00000|  0%| F|  |TAMS 0x000000071cc00000| PB 0x000000071cc00000| Untracked 
| 231|0x000000071ce00000, 0x000000071ce00000, 0x000000071d000000|  0%| F|  |TAMS 0x000000071ce00000| PB 0x000000071ce00000| Untracked 
| 232|0x000000071d000000, 0x000000071d000000, 0x000000071d200000|  0%| F|  |TAMS 0x000000071d000000| PB 0x000000071d000000| Untracked 
| 233|0x000000071d200000, 0x000000071d200000, 0x000000071d400000|  0%| F|  |TAMS 0x000000071d200000| PB 0x000000071d200000| Untracked 
| 234|0x000000071d400000, 0x000000071d400000, 0x000000071d600000|  0%| F|  |TAMS 0x000000071d400000| PB 0x000000071d400000| Untracked 
| 235|0x000000071d600000, 0x000000071d600000, 0x000000071d800000|  0%| F|  |TAMS 0x000000071d600000| PB 0x000000071d600000| Untracked 
| 236|0x000000071d800000, 0x000000071d800000, 0x000000071da00000|  0%| F|  |TAMS 0x000000071d800000| PB 0x000000071d800000| Untracked 
| 237|0x000000071da00000, 0x000000071da00000, 0x000000071dc00000|  0%| F|  |TAMS 0x000000071da00000| PB 0x000000071da00000| Untracked 
| 238|0x000000071dc00000, 0x000000071dc00000, 0x000000071de00000|  0%| F|  |TAMS 0x000000071dc00000| PB 0x000000071dc00000| Untracked 
| 239|0x000000071de00000, 0x000000071de00000, 0x000000071e000000|  0%| F|  |TAMS 0x000000071de00000| PB 0x000000071de00000| Untracked 
| 240|0x000000071e000000, 0x000000071e000000, 0x000000071e200000|  0%| F|  |TAMS 0x000000071e000000| PB 0x000000071e000000| Untracked 
| 241|0x000000071e200000, 0x000000071e200000, 0x000000071e400000|  0%| F|  |TAMS 0x000000071e200000| PB 0x000000071e200000| Untracked 
| 242|0x000000071e400000, 0x000000071e400000, 0x000000071e600000|  0%| F|  |TAMS 0x000000071e400000| PB 0x000000071e400000| Untracked 
| 243|0x000000071e600000, 0x000000071e600000, 0x000000071e800000|  0%| F|  |TAMS 0x000000071e600000| PB 0x000000071e600000| Untracked 
| 244|0x000000071e800000, 0x000000071e800000, 0x000000071ea00000|  0%| F|  |TAMS 0x000000071e800000| PB 0x000000071e800000| Untracked 
| 245|0x000000071ea00000, 0x000000071ea00000, 0x000000071ec00000|  0%| F|  |TAMS 0x000000071ea00000| PB 0x000000071ea00000| Untracked 
| 246|0x000000071ec00000, 0x000000071ec00000, 0x000000071ee00000|  0%| F|  |TAMS 0x000000071ec00000| PB 0x000000071ec00000| Untracked 
| 247|0x000000071ee00000, 0x000000071ee00000, 0x000000071f000000|  0%| F|  |TAMS 0x000000071ee00000| PB 0x000000071ee00000| Untracked 
| 248|0x000000071f000000, 0x000000071f000000, 0x000000071f200000|  0%| F|  |TAMS 0x000000071f000000| PB 0x000000071f000000| Untracked 
| 249|0x000000071f200000, 0x000000071f200000, 0x000000071f400000|  0%| F|  |TAMS 0x000000071f200000| PB 0x000000071f200000| Untracked 
| 250|0x000000071f400000, 0x000000071f400000, 0x000000071f600000|  0%| F|  |TAMS 0x000000071f400000| PB 0x000000071f400000| Untracked 
| 251|0x000000071f600000, 0x000000071f600000, 0x000000071f800000|  0%| F|  |TAMS 0x000000071f600000| PB 0x000000071f600000| Untracked 
| 252|0x000000071f800000, 0x000000071f800000, 0x000000071fa00000|  0%| F|  |TAMS 0x000000071f800000| PB 0x000000071f800000| Untracked 
| 253|0x000000071fa00000, 0x000000071fa00000, 0x000000071fc00000|  0%| F|  |TAMS 0x000000071fa00000| PB 0x000000071fa00000| Untracked 
| 254|0x000000071fc00000, 0x000000071fc00000, 0x000000071fe00000|  0%| F|  |TAMS 0x000000071fc00000| PB 0x000000071fc00000| Untracked 
| 255|0x000000071fe00000, 0x000000071fe00000, 0x0000000720000000|  0%| F|  |TAMS 0x000000071fe00000| PB 0x000000071fe00000| Untracked 
| 256|0x0000000720000000, 0x0000000720000000, 0x0000000720200000|  0%| F|  |TAMS 0x0000000720000000| PB 0x0000000720000000| Untracked 
| 257|0x0000000720200000, 0x0000000720200000, 0x0000000720400000|  0%| F|  |TAMS 0x0000000720200000| PB 0x0000000720200000| Untracked 
| 258|0x0000000720400000, 0x0000000720400000, 0x0000000720600000|  0%| F|  |TAMS 0x0000000720400000| PB 0x0000000720400000| Untracked 
| 259|0x0000000720600000, 0x0000000720600000, 0x0000000720800000|  0%| F|  |TAMS 0x0000000720600000| PB 0x0000000720600000| Untracked 
| 260|0x0000000720800000, 0x0000000720800000, 0x0000000720a00000|  0%| F|  |TAMS 0x0000000720800000| PB 0x0000000720800000| Untracked 
| 261|0x0000000720a00000, 0x0000000720a00000, 0x0000000720c00000|  0%| F|  |TAMS 0x0000000720a00000| PB 0x0000000720a00000| Untracked 
| 262|0x0000000720c00000, 0x0000000720c00000, 0x0000000720e00000|  0%| F|  |TAMS 0x0000000720c00000| PB 0x0000000720c00000| Untracked 
| 263|0x0000000720e00000, 0x0000000720e00000, 0x0000000721000000|  0%| F|  |TAMS 0x0000000720e00000| PB 0x0000000720e00000| Untracked 
| 264|0x0000000721000000, 0x0000000721000000, 0x0000000721200000|  0%| F|  |TAMS 0x0000000721000000| PB 0x0000000721000000| Untracked 
| 265|0x0000000721200000, 0x0000000721200000, 0x0000000721400000|  0%| F|  |TAMS 0x0000000721200000| PB 0x0000000721200000| Untracked 
| 266|0x0000000721400000, 0x0000000721400000, 0x0000000721600000|  0%| F|  |TAMS 0x0000000721400000| PB 0x0000000721400000| Untracked 
| 267|0x0000000721600000, 0x0000000721600000, 0x0000000721800000|  0%| F|  |TAMS 0x0000000721600000| PB 0x0000000721600000| Untracked 
| 268|0x0000000721800000, 0x0000000721800000, 0x0000000721a00000|  0%| F|  |TAMS 0x0000000721800000| PB 0x0000000721800000| Untracked 
| 269|0x0000000721a00000, 0x0000000721a00000, 0x0000000721c00000|  0%| F|  |TAMS 0x0000000721a00000| PB 0x0000000721a00000| Untracked 
| 270|0x0000000721c00000, 0x0000000721c00000, 0x0000000721e00000|  0%| F|  |TAMS 0x0000000721c00000| PB 0x0000000721c00000| Untracked 
| 271|0x0000000721e00000, 0x0000000721e00000, 0x0000000722000000|  0%| F|  |TAMS 0x0000000721e00000| PB 0x0000000721e00000| Untracked 
| 272|0x0000000722000000, 0x0000000722000000, 0x0000000722200000|  0%| F|  |TAMS 0x0000000722000000| PB 0x0000000722000000| Untracked 
| 273|0x0000000722200000, 0x0000000722200000, 0x0000000722400000|  0%| F|  |TAMS 0x0000000722200000| PB 0x0000000722200000| Untracked 
| 274|0x0000000722400000, 0x0000000722400000, 0x0000000722600000|  0%| F|  |TAMS 0x0000000722400000| PB 0x0000000722400000| Untracked 
| 275|0x0000000722600000, 0x0000000722600000, 0x0000000722800000|  0%| F|  |TAMS 0x0000000722600000| PB 0x0000000722600000| Untracked 
| 276|0x0000000722800000, 0x0000000722800000, 0x0000000722a00000|  0%| F|  |TAMS 0x0000000722800000| PB 0x0000000722800000| Untracked 
| 277|0x0000000722a00000, 0x0000000722a00000, 0x0000000722c00000|  0%| F|  |TAMS 0x0000000722a00000| PB 0x0000000722a00000| Untracked 
| 278|0x0000000722c00000, 0x0000000722c00000, 0x0000000722e00000|  0%| F|  |TAMS 0x0000000722c00000| PB 0x0000000722c00000| Untracked 
| 279|0x0000000722e00000, 0x0000000722e00000, 0x0000000723000000|  0%| F|  |TAMS 0x0000000722e00000| PB 0x0000000722e00000| Untracked 
| 280|0x0000000723000000, 0x0000000723000000, 0x0000000723200000|  0%| F|  |TAMS 0x0000000723000000| PB 0x0000000723000000| Untracked 
| 281|0x0000000723200000, 0x0000000723200000, 0x0000000723400000|  0%| F|  |TAMS 0x0000000723200000| PB 0x0000000723200000| Untracked 
| 282|0x0000000723400000, 0x0000000723400000, 0x0000000723600000|  0%| F|  |TAMS 0x0000000723400000| PB 0x0000000723400000| Untracked 
| 283|0x0000000723600000, 0x0000000723600000, 0x0000000723800000|  0%| F|  |TAMS 0x0000000723600000| PB 0x0000000723600000| Untracked 
| 284|0x0000000723800000, 0x0000000723800000, 0x0000000723a00000|  0%| F|  |TAMS 0x0000000723800000| PB 0x0000000723800000| Untracked 
| 285|0x0000000723a00000, 0x0000000723a00000, 0x0000000723c00000|  0%| F|  |TAMS 0x0000000723a00000| PB 0x0000000723a00000| Untracked 
| 286|0x0000000723c00000, 0x0000000723c00000, 0x0000000723e00000|  0%| F|  |TAMS 0x0000000723c00000| PB 0x0000000723c00000| Untracked 
| 287|0x0000000723e00000, 0x0000000723e00000, 0x0000000724000000|  0%| F|  |TAMS 0x0000000723e00000| PB 0x0000000723e00000| Untracked 
| 288|0x0000000724000000, 0x0000000724000000, 0x0000000724200000|  0%| F|  |TAMS 0x0000000724000000| PB 0x0000000724000000| Untracked 
| 289|0x0000000724200000, 0x0000000724200000, 0x0000000724400000|  0%| F|  |TAMS 0x0000000724200000| PB 0x0000000724200000| Untracked 
| 290|0x0000000724400000, 0x0000000724400000, 0x0000000724600000|  0%| F|  |TAMS 0x0000000724400000| PB 0x0000000724400000| Untracked 
| 291|0x0000000724600000, 0x0000000724600000, 0x0000000724800000|  0%| F|  |TAMS 0x0000000724600000| PB 0x0000000724600000| Untracked 
| 292|0x0000000724800000, 0x0000000724800000, 0x0000000724a00000|  0%| F|  |TAMS 0x0000000724800000| PB 0x0000000724800000| Untracked 
| 293|0x0000000724a00000, 0x0000000724a00000, 0x0000000724c00000|  0%| F|  |TAMS 0x0000000724a00000| PB 0x0000000724a00000| Untracked 
| 294|0x0000000724c00000, 0x0000000724c00000, 0x0000000724e00000|  0%| F|  |TAMS 0x0000000724c00000| PB 0x0000000724c00000| Untracked 
| 295|0x0000000724e00000, 0x0000000724e00000, 0x0000000725000000|  0%| F|  |TAMS 0x0000000724e00000| PB 0x0000000724e00000| Untracked 
| 296|0x0000000725000000, 0x0000000725000000, 0x0000000725200000|  0%| F|  |TAMS 0x0000000725000000| PB 0x0000000725000000| Untracked 
| 297|0x0000000725200000, 0x0000000725200000, 0x0000000725400000|  0%| F|  |TAMS 0x0000000725200000| PB 0x0000000725200000| Untracked 
| 298|0x0000000725400000, 0x0000000725400000, 0x0000000725600000|  0%| F|  |TAMS 0x0000000725400000| PB 0x0000000725400000| Untracked 
| 299|0x0000000725600000, 0x0000000725600000, 0x0000000725800000|  0%| F|  |TAMS 0x0000000725600000| PB 0x0000000725600000| Untracked 
| 300|0x0000000725800000, 0x0000000725800000, 0x0000000725a00000|  0%| F|  |TAMS 0x0000000725800000| PB 0x0000000725800000| Untracked 
| 301|0x0000000725a00000, 0x0000000725a00000, 0x0000000725c00000|  0%| F|  |TAMS 0x0000000725a00000| PB 0x0000000725a00000| Untracked 
| 302|0x0000000725c00000, 0x0000000725c00000, 0x0000000725e00000|  0%| F|  |TAMS 0x0000000725c00000| PB 0x0000000725c00000| Untracked 
| 303|0x0000000725e00000, 0x0000000725e00000, 0x0000000726000000|  0%| F|  |TAMS 0x0000000725e00000| PB 0x0000000725e00000| Untracked 
| 304|0x0000000726000000, 0x0000000726000000, 0x0000000726200000|  0%| F|  |TAMS 0x0000000726000000| PB 0x0000000726000000| Untracked 
| 305|0x0000000726200000, 0x0000000726200000, 0x0000000726400000|  0%| F|  |TAMS 0x0000000726200000| PB 0x0000000726200000| Untracked 
| 306|0x0000000726400000, 0x0000000726400000, 0x0000000726600000|  0%| F|  |TAMS 0x0000000726400000| PB 0x0000000726400000| Untracked 
| 307|0x0000000726600000, 0x0000000726600000, 0x0000000726800000|  0%| F|  |TAMS 0x0000000726600000| PB 0x0000000726600000| Untracked 
| 308|0x0000000726800000, 0x0000000726800000, 0x0000000726a00000|  0%| F|  |TAMS 0x0000000726800000| PB 0x0000000726800000| Untracked 
| 309|0x0000000726a00000, 0x0000000726a00000, 0x0000000726c00000|  0%| F|  |TAMS 0x0000000726a00000| PB 0x0000000726a00000| Untracked 
| 310|0x0000000726c00000, 0x0000000726c00000, 0x0000000726e00000|  0%| F|  |TAMS 0x0000000726c00000| PB 0x0000000726c00000| Untracked 
| 311|0x0000000726e00000, 0x0000000726e00000, 0x0000000727000000|  0%| F|  |TAMS 0x0000000726e00000| PB 0x0000000726e00000| Untracked 
| 312|0x0000000727000000, 0x0000000727000000, 0x0000000727200000|  0%| F|  |TAMS 0x0000000727000000| PB 0x0000000727000000| Untracked 
| 313|0x0000000727200000, 0x0000000727200000, 0x0000000727400000|  0%| F|  |TAMS 0x0000000727200000| PB 0x0000000727200000| Untracked 
| 314|0x0000000727400000, 0x0000000727400000, 0x0000000727600000|  0%| F|  |TAMS 0x0000000727400000| PB 0x0000000727400000| Untracked 
| 315|0x0000000727600000, 0x0000000727600000, 0x0000000727800000|  0%| F|  |TAMS 0x0000000727600000| PB 0x0000000727600000| Untracked 
| 316|0x0000000727800000, 0x0000000727800000, 0x0000000727a00000|  0%| F|  |TAMS 0x0000000727800000| PB 0x0000000727800000| Untracked 
| 317|0x0000000727a00000, 0x0000000727a00000, 0x0000000727c00000|  0%| F|  |TAMS 0x0000000727a00000| PB 0x0000000727a00000| Untracked 
| 318|0x0000000727c00000, 0x0000000727c00000, 0x0000000727e00000|  0%| F|  |TAMS 0x0000000727c00000| PB 0x0000000727c00000| Untracked 
| 319|0x0000000727e00000, 0x0000000727e00000, 0x0000000728000000|  0%| F|  |TAMS 0x0000000727e00000| PB 0x0000000727e00000| Untracked 
| 320|0x0000000728000000, 0x0000000728000000, 0x0000000728200000|  0%| F|  |TAMS 0x0000000728000000| PB 0x0000000728000000| Untracked 
| 321|0x0000000728200000, 0x0000000728200000, 0x0000000728400000|  0%| F|  |TAMS 0x0000000728200000| PB 0x0000000728200000| Untracked 
| 322|0x0000000728400000, 0x0000000728400000, 0x0000000728600000|  0%| F|  |TAMS 0x0000000728400000| PB 0x0000000728400000| Untracked 
| 323|0x0000000728600000, 0x0000000728600000, 0x0000000728800000|  0%| F|  |TAMS 0x0000000728600000| PB 0x0000000728600000| Untracked 
| 324|0x0000000728800000, 0x0000000728800000, 0x0000000728a00000|  0%| F|  |TAMS 0x0000000728800000| PB 0x0000000728800000| Untracked 
| 325|0x0000000728a00000, 0x0000000728a00000, 0x0000000728c00000|  0%| F|  |TAMS 0x0000000728a00000| PB 0x0000000728a00000| Untracked 
| 326|0x0000000728c00000, 0x0000000728c00000, 0x0000000728e00000|  0%| F|  |TAMS 0x0000000728c00000| PB 0x0000000728c00000| Untracked 
| 327|0x0000000728e00000, 0x0000000728e00000, 0x0000000729000000|  0%| F|  |TAMS 0x0000000728e00000| PB 0x0000000728e00000| Untracked 
| 328|0x0000000729000000, 0x0000000729000000, 0x0000000729200000|  0%| F|  |TAMS 0x0000000729000000| PB 0x0000000729000000| Untracked 
| 329|0x0000000729200000, 0x0000000729200000, 0x0000000729400000|  0%| F|  |TAMS 0x0000000729200000| PB 0x0000000729200000| Untracked 
| 330|0x0000000729400000, 0x0000000729400000, 0x0000000729600000|  0%| F|  |TAMS 0x0000000729400000| PB 0x0000000729400000| Untracked 
| 331|0x0000000729600000, 0x0000000729600000, 0x0000000729800000|  0%| F|  |TAMS 0x0000000729600000| PB 0x0000000729600000| Untracked 
| 332|0x0000000729800000, 0x0000000729800000, 0x0000000729a00000|  0%| F|  |TAMS 0x0000000729800000| PB 0x0000000729800000| Untracked 
| 333|0x0000000729a00000, 0x0000000729a00000, 0x0000000729c00000|  0%| F|  |TAMS 0x0000000729a00000| PB 0x0000000729a00000| Untracked 
| 334|0x0000000729c00000, 0x0000000729c00000, 0x0000000729e00000|  0%| F|  |TAMS 0x0000000729c00000| PB 0x0000000729c00000| Untracked 
| 335|0x0000000729e00000, 0x0000000729e00000, 0x000000072a000000|  0%| F|  |TAMS 0x0000000729e00000| PB 0x0000000729e00000| Untracked 
| 336|0x000000072a000000, 0x000000072a000000, 0x000000072a200000|  0%| F|  |TAMS 0x000000072a000000| PB 0x000000072a000000| Untracked 
| 337|0x000000072a200000, 0x000000072a200000, 0x000000072a400000|  0%| F|  |TAMS 0x000000072a200000| PB 0x000000072a200000| Untracked 
| 338|0x000000072a400000, 0x000000072a400000, 0x000000072a600000|  0%| F|  |TAMS 0x000000072a400000| PB 0x000000072a400000| Untracked 
| 339|0x000000072a600000, 0x000000072a600000, 0x000000072a800000|  0%| F|  |TAMS 0x000000072a600000| PB 0x000000072a600000| Untracked 
| 340|0x000000072a800000, 0x000000072a800000, 0x000000072aa00000|  0%| F|  |TAMS 0x000000072a800000| PB 0x000000072a800000| Untracked 
| 341|0x000000072aa00000, 0x000000072aa00000, 0x000000072ac00000|  0%| F|  |TAMS 0x000000072aa00000| PB 0x000000072aa00000| Untracked 
| 342|0x000000072ac00000, 0x000000072ac00000, 0x000000072ae00000|  0%| F|  |TAMS 0x000000072ac00000| PB 0x000000072ac00000| Untracked 
| 343|0x000000072ae00000, 0x000000072ae00000, 0x000000072b000000|  0%| F|  |TAMS 0x000000072ae00000| PB 0x000000072ae00000| Untracked 
| 344|0x000000072b000000, 0x000000072b000000, 0x000000072b200000|  0%| F|  |TAMS 0x000000072b000000| PB 0x000000072b000000| Untracked 
| 345|0x000000072b200000, 0x000000072b200000, 0x000000072b400000|  0%| F|  |TAMS 0x000000072b200000| PB 0x000000072b200000| Untracked 
| 346|0x000000072b400000, 0x000000072b400000, 0x000000072b600000|  0%| F|  |TAMS 0x000000072b400000| PB 0x000000072b400000| Untracked 
| 347|0x000000072b600000, 0x000000072b600000, 0x000000072b800000|  0%| F|  |TAMS 0x000000072b600000| PB 0x000000072b600000| Untracked 
| 348|0x000000072b800000, 0x000000072b800000, 0x000000072ba00000|  0%| F|  |TAMS 0x000000072b800000| PB 0x000000072b800000| Untracked 
| 349|0x000000072ba00000, 0x000000072ba00000, 0x000000072bc00000|  0%| F|  |TAMS 0x000000072ba00000| PB 0x000000072ba00000| Untracked 
| 350|0x000000072bc00000, 0x000000072bc00000, 0x000000072be00000|  0%| F|  |TAMS 0x000000072bc00000| PB 0x000000072bc00000| Untracked 
| 351|0x000000072be00000, 0x000000072be00000, 0x000000072c000000|  0%| F|  |TAMS 0x000000072be00000| PB 0x000000072be00000| Untracked 
| 352|0x000000072c000000, 0x000000072c000000, 0x000000072c200000|  0%| F|  |TAMS 0x000000072c000000| PB 0x000000072c000000| Untracked 
| 353|0x000000072c200000, 0x000000072c200000, 0x000000072c400000|  0%| F|  |TAMS 0x000000072c200000| PB 0x000000072c200000| Untracked 
| 354|0x000000072c400000, 0x000000072c400000, 0x000000072c600000|  0%| F|  |TAMS 0x000000072c400000| PB 0x000000072c400000| Untracked 
| 355|0x000000072c600000, 0x000000072c600000, 0x000000072c800000|  0%| F|  |TAMS 0x000000072c600000| PB 0x000000072c600000| Untracked 
| 356|0x000000072c800000, 0x000000072c800000, 0x000000072ca00000|  0%| F|  |TAMS 0x000000072c800000| PB 0x000000072c800000| Untracked 
| 357|0x000000072ca00000, 0x000000072ca00000, 0x000000072cc00000|  0%| F|  |TAMS 0x000000072ca00000| PB 0x000000072ca00000| Untracked 
| 358|0x000000072cc00000, 0x000000072cc00000, 0x000000072ce00000|  0%| F|  |TAMS 0x000000072cc00000| PB 0x000000072cc00000| Untracked 
| 359|0x000000072ce00000, 0x000000072ce00000, 0x000000072d000000|  0%| F|  |TAMS 0x000000072ce00000| PB 0x000000072ce00000| Untracked 
| 360|0x000000072d000000, 0x000000072d000000, 0x000000072d200000|  0%| F|  |TAMS 0x000000072d000000| PB 0x000000072d000000| Untracked 
| 361|0x000000072d200000, 0x000000072d200000, 0x000000072d400000|  0%| F|  |TAMS 0x000000072d200000| PB 0x000000072d200000| Untracked 
| 362|0x000000072d400000, 0x000000072d400000, 0x000000072d600000|  0%| F|  |TAMS 0x000000072d400000| PB 0x000000072d400000| Untracked 
| 363|0x000000072d600000, 0x000000072d600000, 0x000000072d800000|  0%| F|  |TAMS 0x000000072d600000| PB 0x000000072d600000| Untracked 
| 364|0x000000072d800000, 0x000000072d800000, 0x000000072da00000|  0%| F|  |TAMS 0x000000072d800000| PB 0x000000072d800000| Untracked 
| 365|0x000000072da00000, 0x000000072da00000, 0x000000072dc00000|  0%| F|  |TAMS 0x000000072da00000| PB 0x000000072da00000| Untracked 
| 366|0x000000072dc00000, 0x000000072dc00000, 0x000000072de00000|  0%| F|  |TAMS 0x000000072dc00000| PB 0x000000072dc00000| Untracked 
| 367|0x000000072de00000, 0x000000072de00000, 0x000000072e000000|  0%| F|  |TAMS 0x000000072de00000| PB 0x000000072de00000| Untracked 
| 368|0x000000072e000000, 0x000000072e000000, 0x000000072e200000|  0%| F|  |TAMS 0x000000072e000000| PB 0x000000072e000000| Untracked 
| 369|0x000000072e200000, 0x000000072e200000, 0x000000072e400000|  0%| F|  |TAMS 0x000000072e200000| PB 0x000000072e200000| Untracked 
| 370|0x000000072e400000, 0x000000072e400000, 0x000000072e600000|  0%| F|  |TAMS 0x000000072e400000| PB 0x000000072e400000| Untracked 
| 371|0x000000072e600000, 0x000000072e600000, 0x000000072e800000|  0%| F|  |TAMS 0x000000072e600000| PB 0x000000072e600000| Untracked 
| 372|0x000000072e800000, 0x000000072e800000, 0x000000072ea00000|  0%| F|  |TAMS 0x000000072e800000| PB 0x000000072e800000| Untracked 
| 373|0x000000072ea00000, 0x000000072ea00000, 0x000000072ec00000|  0%| F|  |TAMS 0x000000072ea00000| PB 0x000000072ea00000| Untracked 
| 374|0x000000072ec00000, 0x000000072ec00000, 0x000000072ee00000|  0%| F|  |TAMS 0x000000072ec00000| PB 0x000000072ec00000| Untracked 
| 375|0x000000072ee00000, 0x000000072ee00000, 0x000000072f000000|  0%| F|  |TAMS 0x000000072ee00000| PB 0x000000072ee00000| Untracked 
| 376|0x000000072f000000, 0x000000072f000000, 0x000000072f200000|  0%| F|  |TAMS 0x000000072f000000| PB 0x000000072f000000| Untracked 
| 377|0x000000072f200000, 0x000000072f200000, 0x000000072f400000|  0%| F|  |TAMS 0x000000072f200000| PB 0x000000072f200000| Untracked 
| 378|0x000000072f400000, 0x000000072f400000, 0x000000072f600000|  0%| F|  |TAMS 0x000000072f400000| PB 0x000000072f400000| Untracked 
| 379|0x000000072f600000, 0x000000072f600000, 0x000000072f800000|  0%| F|  |TAMS 0x000000072f600000| PB 0x000000072f600000| Untracked 
| 380|0x000000072f800000, 0x000000072f800000, 0x000000072fa00000|  0%| F|  |TAMS 0x000000072f800000| PB 0x000000072f800000| Untracked 
| 381|0x000000072fa00000, 0x000000072fa00000, 0x000000072fc00000|  0%| F|  |TAMS 0x000000072fa00000| PB 0x000000072fa00000| Untracked 
| 382|0x000000072fc00000, 0x000000072fc00000, 0x000000072fe00000|  0%| F|  |TAMS 0x000000072fc00000| PB 0x000000072fc00000| Untracked 
| 383|0x000000072fe00000, 0x000000072fe00000, 0x0000000730000000|  0%| F|  |TAMS 0x000000072fe00000| PB 0x000000072fe00000| Untracked 
| 384|0x0000000730000000, 0x0000000730000000, 0x0000000730200000|  0%| F|  |TAMS 0x0000000730000000| PB 0x0000000730000000| Untracked 
| 385|0x0000000730200000, 0x0000000730200000, 0x0000000730400000|  0%| F|  |TAMS 0x0000000730200000| PB 0x0000000730200000| Untracked 
| 386|0x0000000730400000, 0x0000000730400000, 0x0000000730600000|  0%| F|  |TAMS 0x0000000730400000| PB 0x0000000730400000| Untracked 
| 387|0x0000000730600000, 0x0000000730600000, 0x0000000730800000|  0%| F|  |TAMS 0x0000000730600000| PB 0x0000000730600000| Untracked 
| 388|0x0000000730800000, 0x0000000730800000, 0x0000000730a00000|  0%| F|  |TAMS 0x0000000730800000| PB 0x0000000730800000| Untracked 
| 389|0x0000000730a00000, 0x0000000730a00000, 0x0000000730c00000|  0%| F|  |TAMS 0x0000000730a00000| PB 0x0000000730a00000| Untracked 
| 390|0x0000000730c00000, 0x0000000730c00000, 0x0000000730e00000|  0%| F|  |TAMS 0x0000000730c00000| PB 0x0000000730c00000| Untracked 
| 391|0x0000000730e00000, 0x0000000730e00000, 0x0000000731000000|  0%| F|  |TAMS 0x0000000730e00000| PB 0x0000000730e00000| Untracked 
| 392|0x0000000731000000, 0x0000000731000000, 0x0000000731200000|  0%| F|  |TAMS 0x0000000731000000| PB 0x0000000731000000| Untracked 
| 393|0x0000000731200000, 0x0000000731200000, 0x0000000731400000|  0%| F|  |TAMS 0x0000000731200000| PB 0x0000000731200000| Untracked 
| 394|0x0000000731400000, 0x0000000731400000, 0x0000000731600000|  0%| F|  |TAMS 0x0000000731400000| PB 0x0000000731400000| Untracked 
| 395|0x0000000731600000, 0x0000000731600000, 0x0000000731800000|  0%| F|  |TAMS 0x0000000731600000| PB 0x0000000731600000| Untracked 
| 396|0x0000000731800000, 0x0000000731800000, 0x0000000731a00000|  0%| F|  |TAMS 0x0000000731800000| PB 0x0000000731800000| Untracked 
| 397|0x0000000731a00000, 0x0000000731a00000, 0x0000000731c00000|  0%| F|  |TAMS 0x0000000731a00000| PB 0x0000000731a00000| Untracked 
| 398|0x0000000731c00000, 0x0000000731c00000, 0x0000000731e00000|  0%| F|  |TAMS 0x0000000731c00000| PB 0x0000000731c00000| Untracked 
| 399|0x0000000731e00000, 0x0000000731e00000, 0x0000000732000000|  0%| F|  |TAMS 0x0000000731e00000| PB 0x0000000731e00000| Untracked 
| 400|0x0000000732000000, 0x0000000732000000, 0x0000000732200000|  0%| F|  |TAMS 0x0000000732000000| PB 0x0000000732000000| Untracked 
| 401|0x0000000732200000, 0x0000000732200000, 0x0000000732400000|  0%| F|  |TAMS 0x0000000732200000| PB 0x0000000732200000| Untracked 
| 402|0x0000000732400000, 0x0000000732400000, 0x0000000732600000|  0%| F|  |TAMS 0x0000000732400000| PB 0x0000000732400000| Untracked 
| 403|0x0000000732600000, 0x0000000732600000, 0x0000000732800000|  0%| F|  |TAMS 0x0000000732600000| PB 0x0000000732600000| Untracked 
| 404|0x0000000732800000, 0x0000000732800000, 0x0000000732a00000|  0%| F|  |TAMS 0x0000000732800000| PB 0x0000000732800000| Untracked 
| 405|0x0000000732a00000, 0x0000000732a00000, 0x0000000732c00000|  0%| F|  |TAMS 0x0000000732a00000| PB 0x0000000732a00000| Untracked 
| 406|0x0000000732c00000, 0x0000000732c00000, 0x0000000732e00000|  0%| F|  |TAMS 0x0000000732c00000| PB 0x0000000732c00000| Untracked 
| 407|0x0000000732e00000, 0x0000000732e00000, 0x0000000733000000|  0%| F|  |TAMS 0x0000000732e00000| PB 0x0000000732e00000| Untracked 
| 408|0x0000000733000000, 0x0000000733000000, 0x0000000733200000|  0%| F|  |TAMS 0x0000000733000000| PB 0x0000000733000000| Untracked 
| 409|0x0000000733200000, 0x0000000733200000, 0x0000000733400000|  0%| F|  |TAMS 0x0000000733200000| PB 0x0000000733200000| Untracked 
| 410|0x0000000733400000, 0x0000000733400000, 0x0000000733600000|  0%| F|  |TAMS 0x0000000733400000| PB 0x0000000733400000| Untracked 
| 411|0x0000000733600000, 0x0000000733600000, 0x0000000733800000|  0%| F|  |TAMS 0x0000000733600000| PB 0x0000000733600000| Untracked 
| 412|0x0000000733800000, 0x0000000733800000, 0x0000000733a00000|  0%| F|  |TAMS 0x0000000733800000| PB 0x0000000733800000| Untracked 
| 413|0x0000000733a00000, 0x0000000733a00000, 0x0000000733c00000|  0%| F|  |TAMS 0x0000000733a00000| PB 0x0000000733a00000| Untracked 
| 414|0x0000000733c00000, 0x0000000733c00000, 0x0000000733e00000|  0%| F|  |TAMS 0x0000000733c00000| PB 0x0000000733c00000| Untracked 
| 415|0x0000000733e00000, 0x0000000733e00000, 0x0000000734000000|  0%| F|  |TAMS 0x0000000733e00000| PB 0x0000000733e00000| Untracked 
| 416|0x0000000734000000, 0x0000000734000000, 0x0000000734200000|  0%| F|  |TAMS 0x0000000734000000| PB 0x0000000734000000| Untracked 
| 417|0x0000000734200000, 0x0000000734200000, 0x0000000734400000|  0%| F|  |TAMS 0x0000000734200000| PB 0x0000000734200000| Untracked 
| 418|0x0000000734400000, 0x0000000734400000, 0x0000000734600000|  0%| F|  |TAMS 0x0000000734400000| PB 0x0000000734400000| Untracked 
| 419|0x0000000734600000, 0x0000000734600000, 0x0000000734800000|  0%| F|  |TAMS 0x0000000734600000| PB 0x0000000734600000| Untracked 
| 420|0x0000000734800000, 0x0000000734800000, 0x0000000734a00000|  0%| F|  |TAMS 0x0000000734800000| PB 0x0000000734800000| Untracked 
| 421|0x0000000734a00000, 0x0000000734a00000, 0x0000000734c00000|  0%| F|  |TAMS 0x0000000734a00000| PB 0x0000000734a00000| Untracked 
| 422|0x0000000734c00000, 0x0000000734c00000, 0x0000000734e00000|  0%| F|  |TAMS 0x0000000734c00000| PB 0x0000000734c00000| Untracked 
| 423|0x0000000734e00000, 0x0000000734e00000, 0x0000000735000000|  0%| F|  |TAMS 0x0000000734e00000| PB 0x0000000734e00000| Untracked 
| 424|0x0000000735000000, 0x0000000735000000, 0x0000000735200000|  0%| F|  |TAMS 0x0000000735000000| PB 0x0000000735000000| Untracked 
| 425|0x0000000735200000, 0x0000000735200000, 0x0000000735400000|  0%| F|  |TAMS 0x0000000735200000| PB 0x0000000735200000| Untracked 
| 426|0x0000000735400000, 0x0000000735400000, 0x0000000735600000|  0%| F|  |TAMS 0x0000000735400000| PB 0x0000000735400000| Untracked 
| 427|0x0000000735600000, 0x0000000735600000, 0x0000000735800000|  0%| F|  |TAMS 0x0000000735600000| PB 0x0000000735600000| Untracked 
| 428|0x0000000735800000, 0x0000000735800000, 0x0000000735a00000|  0%| F|  |TAMS 0x0000000735800000| PB 0x0000000735800000| Untracked 
| 429|0x0000000735a00000, 0x0000000735a00000, 0x0000000735c00000|  0%| F|  |TAMS 0x0000000735a00000| PB 0x0000000735a00000| Untracked 
| 430|0x0000000735c00000, 0x0000000735c00000, 0x0000000735e00000|  0%| F|  |TAMS 0x0000000735c00000| PB 0x0000000735c00000| Untracked 
| 431|0x0000000735e00000, 0x0000000735e00000, 0x0000000736000000|  0%| F|  |TAMS 0x0000000735e00000| PB 0x0000000735e00000| Untracked 
| 432|0x0000000736000000, 0x0000000736000000, 0x0000000736200000|  0%| F|  |TAMS 0x0000000736000000| PB 0x0000000736000000| Untracked 
| 433|0x0000000736200000, 0x0000000736200000, 0x0000000736400000|  0%| F|  |TAMS 0x0000000736200000| PB 0x0000000736200000| Untracked 
| 434|0x0000000736400000, 0x0000000736400000, 0x0000000736600000|  0%| F|  |TAMS 0x0000000736400000| PB 0x0000000736400000| Untracked 
| 435|0x0000000736600000, 0x0000000736600000, 0x0000000736800000|  0%| F|  |TAMS 0x0000000736600000| PB 0x0000000736600000| Untracked 
| 436|0x0000000736800000, 0x0000000736800000, 0x0000000736a00000|  0%| F|  |TAMS 0x0000000736800000| PB 0x0000000736800000| Untracked 
| 437|0x0000000736a00000, 0x0000000736a00000, 0x0000000736c00000|  0%| F|  |TAMS 0x0000000736a00000| PB 0x0000000736a00000| Untracked 
| 438|0x0000000736c00000, 0x0000000736c00000, 0x0000000736e00000|  0%| F|  |TAMS 0x0000000736c00000| PB 0x0000000736c00000| Untracked 
| 439|0x0000000736e00000, 0x0000000736e00000, 0x0000000737000000|  0%| F|  |TAMS 0x0000000736e00000| PB 0x0000000736e00000| Untracked 
| 440|0x0000000737000000, 0x0000000737000000, 0x0000000737200000|  0%| F|  |TAMS 0x0000000737000000| PB 0x0000000737000000| Untracked 
| 441|0x0000000737200000, 0x0000000737200000, 0x0000000737400000|  0%| F|  |TAMS 0x0000000737200000| PB 0x0000000737200000| Untracked 
| 442|0x0000000737400000, 0x0000000737400000, 0x0000000737600000|  0%| F|  |TAMS 0x0000000737400000| PB 0x0000000737400000| Untracked 
| 443|0x0000000737600000, 0x0000000737600000, 0x0000000737800000|  0%| F|  |TAMS 0x0000000737600000| PB 0x0000000737600000| Untracked 
| 444|0x0000000737800000, 0x0000000737800000, 0x0000000737a00000|  0%| F|  |TAMS 0x0000000737800000| PB 0x0000000737800000| Untracked 
| 445|0x0000000737a00000, 0x0000000737c00000, 0x0000000737c00000|100%| S|CS|TAMS 0x0000000737a00000| PB 0x0000000737a00000| Complete 
| 446|0x0000000737c00000, 0x0000000737e00000, 0x0000000737e00000|100%| S|CS|TAMS 0x0000000737c00000| PB 0x0000000737c00000| Complete 
| 447|0x0000000737e00000, 0x0000000738000000, 0x0000000738000000|100%| S|CS|TAMS 0x0000000737e00000| PB 0x0000000737e00000| Complete 
| 448|0x0000000738000000, 0x0000000738200000, 0x0000000738200000|100%| S|CS|TAMS 0x0000000738000000| PB 0x0000000738000000| Complete 
| 449|0x0000000738200000, 0x00000007383469d0, 0x0000000738400000| 63%| S|CS|TAMS 0x0000000738200000| PB 0x0000000738200000| Complete 
|2015|0x00000007fbe00000, 0x00000007fbe00000, 0x00000007fc000000|  0%| F|  |TAMS 0x00000007fbe00000| PB 0x00000007fbe00000| Untracked 
|2016|0x00000007fc000000, 0x00000007fc000000, 0x00000007fc200000|  0%| F|  |TAMS 0x00000007fc000000| PB 0x00000007fc000000| Untracked 
|2017|0x00000007fc200000, 0x00000007fc200000, 0x00000007fc400000|  0%| F|  |TAMS 0x00000007fc200000| PB 0x00000007fc200000| Untracked 
|2018|0x00000007fc400000, 0x00000007fc400000, 0x00000007fc600000|  0%| F|  |TAMS 0x00000007fc400000| PB 0x00000007fc400000| Untracked 
|2019|0x00000007fc600000, 0x00000007fc600000, 0x00000007fc800000|  0%| F|  |TAMS 0x00000007fc600000| PB 0x00000007fc600000| Untracked 
|2020|0x00000007fc800000, 0x00000007fc800000, 0x00000007fca00000|  0%| F|  |TAMS 0x00000007fc800000| PB 0x00000007fc800000| Untracked 
|2021|0x00000007fca00000, 0x00000007fca00000, 0x00000007fcc00000|  0%| F|  |TAMS 0x00000007fca00000| PB 0x00000007fca00000| Untracked 
|2030|0x00000007fdc00000, 0x00000007fddab4c0, 0x00000007fde00000| 83%| O|  |TAMS 0x00000007fdc00000| PB 0x00000007fdc00000| Untracked 
|2031|0x00000007fde00000, 0x00000007fde00000, 0x00000007fe000000|  0%| F|  |TAMS 0x00000007fde00000| PB 0x00000007fde00000| Untracked 
|2032|0x00000007fe000000, 0x00000007fe000000, 0x00000007fe200000|  0%| F|  |TAMS 0x00000007fe000000| PB 0x00000007fe000000| Untracked 
|2033|0x00000007fe200000, 0x00000007fe200000, 0x00000007fe400000|  0%| F|  |TAMS 0x00000007fe200000| PB 0x00000007fe200000| Untracked 
|2034|0x00000007fe400000, 0x00000007fe400000, 0x00000007fe600000|  0%| F|  |TAMS 0x00000007fe400000| PB 0x00000007fe400000| Untracked 
|2035|0x00000007fe600000, 0x00000007fe600000, 0x00000007fe800000|  0%| F|  |TAMS 0x00000007fe600000| PB 0x00000007fe600000| Untracked 
|2036|0x00000007fe800000, 0x00000007fe800000, 0x00000007fea00000|  0%| F|  |TAMS 0x00000007fe800000| PB 0x00000007fe800000| Untracked 
|2037|0x00000007fea00000, 0x00000007fea00000, 0x00000007fec00000|  0%| F|  |TAMS 0x00000007fea00000| PB 0x00000007fea00000| Untracked 
|2038|0x00000007fec00000, 0x00000007fec00000, 0x00000007fee00000|  0%| F|  |TAMS 0x00000007fec00000| PB 0x00000007fec00000| Untracked 
|2039|0x00000007fee00000, 0x00000007fee00000, 0x00000007ff000000|  0%| F|  |TAMS 0x00000007fee00000| PB 0x00000007fee00000| Untracked 
|2040|0x00000007ff000000, 0x00000007ff000000, 0x00000007ff200000|  0%| F|  |TAMS 0x00000007ff000000| PB 0x00000007ff000000| Untracked 
|2041|0x00000007ff200000, 0x00000007ff200000, 0x00000007ff400000|  0%| F|  |TAMS 0x00000007ff200000| PB 0x00000007ff200000| Untracked 
|2042|0x00000007ff400000, 0x00000007ff400000, 0x00000007ff600000|  0%| F|  |TAMS 0x00000007ff400000| PB 0x00000007ff400000| Untracked 
|2043|0x00000007ff600000, 0x00000007ff800000, 0x00000007ff800000|100%| O|  |TAMS 0x00000007ff600000| PB 0x00000007ff600000| Untracked 
|2044|0x00000007ff800000, 0x00000007ff800000, 0x00000007ffa00000|  0%| F|  |TAMS 0x00000007ff800000| PB 0x00000007ff800000| Untracked 
|2045|0x00000007ffa00000, 0x00000007ffc00000, 0x00000007ffc00000|100%| O|  |TAMS 0x00000007ffa00000| PB 0x00000007ffa00000| Untracked 
|2046|0x00000007ffc00000, 0x00000007ffc00000, 0x00000007ffe00000|  0%| F|  |TAMS 0x00000007ffc00000| PB 0x00000007ffc00000| Untracked 
|2047|0x00000007ffe00000, 0x00000007ffe00000, 0x0000000800000000|  0%| F|  |TAMS 0x00000007ffe00000| PB 0x00000007ffe00000| Untracked 

Card table byte_map: [0x0000026132120000,0x0000026132920000] _byte_map_base: 0x000002612e920000

Marking Bits: (CMBitMap*) 0x000002611f2e2ad0
 Bits: [0x0000026132920000, 0x0000026136920000)

Polling page: 0x000002611d0a0000

Metaspace:

Usage:
  Non-class:    168.60 MB used.
      Class:     25.05 MB used.
       Both:    193.65 MB used.

Virtual space:
  Non-class space:      192.00 MB reserved,     169.62 MB ( 88%) committed,  3 nodes.
      Class space:        1.00 GB reserved,      26.06 MB (  3%) committed,  1 nodes.
             Both:        1.19 GB reserved,     195.69 MB ( 16%) committed. 

Chunk freelists:
   Non-Class:  5.63 MB
       Class:  5.84 MB
        Both:  11.47 MB

MaxMetaspaceSize: unlimited
CompressedClassSpaceSize: 1.00 GB
Initial GC threshold: 21.00 MB
Current GC threshold: 326.06 MB
CDS: off
 - commit_granule_bytes: 65536.
 - commit_granule_words: 8192.
 - virtual_space_node_default_size: 8388608.
 - enlarge_chunks_in_place: 1.
 - use_allocation_guard: 0.


Internal statistics:

num_allocs_failed_limit: 9.
num_arena_births: 6858.
num_arena_deaths: 2904.
num_vsnodes_births: 4.
num_vsnodes_deaths: 0.
num_space_committed: 3129.
num_space_uncommitted: 0.
num_chunks_returned_to_freelist: 3391.
num_chunks_taken_from_freelist: 16849.
num_chunk_merges: 1148.
num_chunk_splits: 9938.
num_chunks_enlarged: 6186.
num_inconsistent_stats: 0.

CodeHeap 'non-profiled nmethods': size=120000Kb used=36203Kb max_used=36472Kb free=83796Kb
 bounds [0x0000026129ea0000, 0x000002612c260000, 0x00000261313d0000]
CodeHeap 'profiled nmethods': size=120000Kb used=37819Kb max_used=40923Kb free=82181Kb
 bounds [0x00000261223d0000, 0x0000026124cc0000, 0x0000026129900000]
CodeHeap 'non-nmethods': size=5760Kb used=3189Kb max_used=3266Kb free=2570Kb
 bounds [0x0000026129900000, 0x0000026129c50000, 0x0000026129ea0000]
 total_blobs=23471 nmethods=22261 adapters=1112
 compilation: enabled
              stopped_count=0, restarted_count=0
 full_count=0

Compilation events (20 events):
Event: 15271.253 Thread 0x00000261397e3470 nmethod 60140 0x000002612ad29b10 code [0x000002612ad29ca0, 0x000002612ad29d70]
Event: 15271.253 Thread 0x00000261397e3470 60141       1       org.jetbrains.kotlin.gradle.tasks.GradleCompileTaskProvider::getBuildDir (5 bytes)
Event: 15271.253 Thread 0x00000261397e3470 nmethod 60141 0x000002612b0b8090 code [0x000002612b0b8220, 0x000002612b0b82f0]
Event: 15271.254 Thread 0x00000261397e3470 60142       3       org.jetbrains.kotlin.gradle.tasks.KotlinCompile_Decorated::getKeepIncrementalCompilationCachesInMemory$kotlin_gradle_plugin_common (37 bytes)
Event: 15271.254 Thread 0x00000261397e3470 nmethod 60142 0x0000026123d1eb90 code [0x0000026123d1ed80, 0x0000026123d1f1a0]
Event: 15271.275 Thread 0x00000261397e1e60 60143       4       org.gradle.api.internal.tasks.execution.TaskExecution$$Lambda/0x000000080111d390::getUniqueId (10 bytes)
Event: 15271.278 Thread 0x00000261397e1e60 nmethod 60143 0x000002612b772510 code [0x000002612b7726c0, 0x000002612b772910]
Event: 15271.278 Thread 0x00000261397e3470 60144       3       com.android.build.gradle.internal.dependency.AarToClassTransform$Params_Decorated::getForCompileUse (36 bytes)
Event: 15271.279 Thread 0x00000261397e3470 nmethod 60144 0x0000026124109910 code [0x0000026124109b00, 0x0000026124109f10]
Event: 15271.279 Thread 0x00000261397e3470 60145       3       com.android.build.gradle.internal.dependency.AarToClassTransform$Params_Decorated::getGenerateRClassJar (36 bytes)
Event: 15271.279 Thread 0x00000261397e3470 nmethod 60145 0x0000026123e57d90 code [0x0000026123e57f80, 0x0000026123e58390]
Event: 15271.312 Thread 0x00000261397e1e60 60146       4       org.gradle.internal.serialize.BaseSerializerFactory$StringSerializer::write (10 bytes)
Event: 15271.318 Thread 0x00000261397e1e60 nmethod 60146 0x000002612affca90 code [0x000002612affcca0, 0x000002612affd168]
Event: 15272.816 Thread 0x00000261397e3470 60147       1       com.android.build.gradle.internal.dexing.DexParameters::getWithDesugaring (5 bytes)
Event: 15272.816 Thread 0x00000261397e3470 nmethod 60147 0x000002612a070b90 code [0x000002612a070d20, 0x000002612a070df0]
Event: 15272.822 Thread 0x00000261397e3470 60148       3       java.io.ObjectInputStream$BlockDataInputStream::readFloat (73 bytes)
Event: 15272.826 Thread 0x00000261397e3470 nmethod 60148 0x0000026122c86810 code [0x0000026122c86ac0, 0x0000026122c87758]
Event: 15272.826 Thread 0x00000261397e3470 60149       3       com.android.build.gradle.internal.tasks.DexArchiveBuilderTaskDelegate$OutputMapping::computeOutputPath (49 bytes)
Event: 15272.837 Thread 0x00000261397e3470 nmethod 60149 0x0000026122dd8710 code [0x0000026122dd8de0, 0x0000026122ddca30]
Event: 15272.837 Thread 0x00000261397e3470 60150       3       java.lang.invoke.LambdaForm$DMH/0x000000080071cc00::newInvokeSpecial (27 bytes)

GC Heap History (20 events):
Event: 14338.998 GC heap after
{Heap after GC invocations=203 (full 0):
 garbage-first heap   total 942080K, used 297093K [0x0000000700000000, 0x0000000800000000)
  region size 2048K, 26 young (53248K), 26 survivors (53248K)
 Metaspace       used 197982K, committed 200064K, reserved 1245184K
  class space    used 25675K, committed 26688K, reserved 1048576K
}
Event: 14339.136 GC heap before
{Heap before GC invocations=203 (full 0):
 garbage-first heap   total 942080K, used 807045K [0x0000000700000000, 0x0000000800000000)
  region size 2048K, 276 young (565248K), 26 survivors (53248K)
 Metaspace       used 197994K, committed 200064K, reserved 1245184K
  class space    used 25675K, committed 26688K, reserved 1048576K
}
Event: 14339.151 GC heap after
{Heap after GC invocations=204 (full 0):
 garbage-first heap   total 942080K, used 298213K [0x0000000700000000, 0x0000000800000000)
  region size 2048K, 7 young (14336K), 7 survivors (14336K)
 Metaspace       used 197994K, committed 200064K, reserved 1245184K
  class space    used 25675K, committed 26688K, reserved 1048576K
}
Event: 14339.398 GC heap before
{Heap before GC invocations=204 (full 0):
 garbage-first heap   total 942080K, used 847077K [0x0000000700000000, 0x0000000800000000)
  region size 2048K, 276 young (565248K), 7 survivors (14336K)
 Metaspace       used 197573K, committed 200064K, reserved 1245184K
  class space    used 25585K, committed 26688K, reserved 1048576K
}
Event: 14339.404 GC heap after
{Heap after GC invocations=205 (full 0):
 garbage-first heap   total 942080K, used 302366K [0x0000000700000000, 0x0000000800000000)
  region size 2048K, 9 young (18432K), 9 survivors (18432K)
 Metaspace       used 197573K, committed 200064K, reserved 1245184K
  class space    used 25585K, committed 26688K, reserved 1048576K
}
Event: 14340.394 GC heap before
{Heap before GC invocations=206 (full 0):
 garbage-first heap   total 942080K, used 851230K [0x0000000700000000, 0x0000000800000000)
  region size 2048K, 276 young (565248K), 9 survivors (18432K)
 Metaspace       used 197603K, committed 200064K, reserved 1245184K
  class space    used 25588K, committed 26688K, reserved 1048576K
}
Event: 14340.417 GC heap after
{Heap after GC invocations=207 (full 0):
 garbage-first heap   total 942080K, used 310208K [0x0000000700000000, 0x0000000800000000)
  region size 2048K, 12 young (24576K), 12 survivors (24576K)
 Metaspace       used 197603K, committed 200064K, reserved 1245184K
  class space    used 25588K, committed 26688K, reserved 1048576K
}
Event: 14342.740 GC heap before
{Heap before GC invocations=207 (full 0):
 garbage-first heap   total 942080K, used 936896K [0x0000000700000000, 0x0000000800000000)
  region size 2048K, 212 young (434176K), 12 survivors (24576K)
 Metaspace       used 197703K, committed 200064K, reserved 1245184K
  class space    used 25593K, committed 26688K, reserved 1048576K
}
Event: 14342.761 GC heap after
{Heap after GC invocations=208 (full 0):
 garbage-first heap   total 960512K, used 287848K [0x0000000700000000, 0x0000000800000000)
  region size 2048K, 5 young (10240K), 5 survivors (10240K)
 Metaspace       used 197703K, committed 200064K, reserved 1245184K
  class space    used 25593K, committed 26688K, reserved 1048576K
}
Event: 14546.595 GC heap before
{Heap before GC invocations=208 (full 0):
 garbage-first heap   total 960512K, used 851048K [0x0000000700000000, 0x0000000800000000)
  region size 2048K, 281 young (575488K), 5 survivors (10240K)
 Metaspace       used 198026K, committed 200064K, reserved 1245184K
  class space    used 25629K, committed 26688K, reserved 1048576K
}
Event: 14546.612 GC heap after
{Heap after GC invocations=209 (full 0):
 garbage-first heap   total 960512K, used 321857K [0x0000000700000000, 0x0000000800000000)
  region size 2048K, 21 young (43008K), 21 survivors (43008K)
 Metaspace       used 198026K, committed 200064K, reserved 1245184K
  class space    used 25629K, committed 26688K, reserved 1048576K
}
Event: 14546.824 GC heap before
{Heap before GC invocations=210 (full 0):
 garbage-first heap   total 960512K, used 850241K [0x0000000700000000, 0x0000000800000000)
  region size 2048K, 281 young (575488K), 21 survivors (43008K)
 Metaspace       used 198026K, committed 200064K, reserved 1245184K
  class space    used 25629K, committed 26688K, reserved 1048576K
}
Event: 14546.836 GC heap after
{Heap after GC invocations=211 (full 0):
 garbage-first heap   total 960512K, used 318277K [0x0000000700000000, 0x0000000800000000)
  region size 2048K, 19 young (38912K), 19 survivors (38912K)
 Metaspace       used 198026K, committed 200064K, reserved 1245184K
  class space    used 25629K, committed 26688K, reserved 1048576K
}
Event: 14907.682 GC heap before
{Heap before GC invocations=211 (full 0):
 garbage-first heap   total 960512K, used 918341K [0x0000000700000000, 0x0000000800000000)
  region size 2048K, 281 young (575488K), 19 survivors (38912K)
 Metaspace       used 198208K, committed 200320K, reserved 1245184K
  class space    used 25646K, committed 26688K, reserved 1048576K
}
Event: 14907.698 GC heap after
{Heap after GC invocations=212 (full 0):
 garbage-first heap   total 960512K, used 298955K [0x0000000700000000, 0x0000000800000000)
  region size 2048K, 17 young (34816K), 17 survivors (34816K)
 Metaspace       used 198208K, committed 200320K, reserved 1245184K
  class space    used 25646K, committed 26688K, reserved 1048576K
}
Event: 14907.827 GC heap before
{Heap before GC invocations=212 (full 0):
 garbage-first heap   total 960512K, used 839627K [0x0000000700000000, 0x0000000800000000)
  region size 2048K, 281 young (575488K), 17 survivors (34816K)
 Metaspace       used 198212K, committed 200320K, reserved 1245184K
  class space    used 25646K, committed 26688K, reserved 1048576K
}
Event: 14907.840 GC heap after
{Heap after GC invocations=213 (full 0):
 garbage-first heap   total 960512K, used 307787K [0x0000000700000000, 0x0000000800000000)
  region size 2048K, 22 young (45056K), 22 survivors (45056K)
 Metaspace       used 198212K, committed 200320K, reserved 1245184K
  class space    used 25646K, committed 26688K, reserved 1048576K
}
Event: 14908.025 GC heap before
{Heap before GC invocations=214 (full 0):
 garbage-first heap   total 960512K, used 836171K [0x0000000700000000, 0x0000000800000000)
  region size 2048K, 281 young (575488K), 22 survivors (45056K)
 Metaspace       used 198212K, committed 200320K, reserved 1245184K
  class space    used 25646K, committed 26688K, reserved 1048576K
}
Event: 14908.038 GC heap after
{Heap after GC invocations=215 (full 0):
 garbage-first heap   total 960512K, used 315284K [0x0000000700000000, 0x0000000800000000)
  region size 2048K, 10 young (20480K), 10 survivors (20480K)
 Metaspace       used 198212K, committed 200320K, reserved 1245184K
  class space    used 25646K, committed 26688K, reserved 1048576K
}
Event: 15272.838 GC heap before
{Heap before GC invocations=215 (full 0):
 garbage-first heap   total 960512K, used 933780K [0x0000000700000000, 0x0000000800000000)
  region size 2048K, 281 young (575488K), 10 survivors (20480K)
 Metaspace       used 198301K, committed 200384K, reserved 1245184K
  class space    used 25653K, committed 26688K, reserved 1048576K
}

Dll operation events (3 events):
Event: 0.666 Loaded shared library D:\Android\jbr\bin\java.dll
Event: 0.722 Loaded shared library D:\Android\jbr\bin\zip.dll
Event: 1.753 Loaded shared library D:\Android\jbr\bin\verify.dll

Deoptimization events (20 events):
Event: 14340.795 Thread 0x0000026144960240 DEOPT PACKING pc=0x00000261237c2d17 sp=0x000000d06aefdcd0
Event: 14340.795 Thread 0x0000026144960240 DEOPT UNPACKING pc=0x0000026129954e42 sp=0x000000d06aefd158 mode 0
Event: 14341.164 Thread 0x0000026144960240 DEOPT PACKING pc=0x00000261232573b2 sp=0x000000d06aefd9f0
Event: 14341.164 Thread 0x0000026144960240 DEOPT UNPACKING pc=0x0000026129954e42 sp=0x000000d06aefcef0 mode 0
Event: 14342.078 Thread 0x0000026144960240 DEOPT PACKING pc=0x0000026122d9c197 sp=0x000000d06aefe040
Event: 14342.078 Thread 0x0000026144960240 DEOPT UNPACKING pc=0x0000026129954e42 sp=0x000000d06aefd558 mode 0
Event: 14342.089 Thread 0x0000026144960240 DEOPT PACKING pc=0x0000026123d9ccf4 sp=0x000000d06aefdf10
Event: 14342.089 Thread 0x0000026144960240 DEOPT UNPACKING pc=0x0000026129954e42 sp=0x000000d06aefd410 mode 0
Event: 14544.112 Thread 0x000002614ab91aa0 DEOPT PACKING pc=0x000002612286a608 sp=0x000000d05b7f90e0
Event: 14544.112 Thread 0x000002614ab91aa0 DEOPT UNPACKING pc=0x0000026129954e42 sp=0x000000d05b7f8600 mode 0
Event: 14546.591 Thread 0x000002614c0ae350 DEOPT PACKING pc=0x0000026122407073 sp=0x000000d0673fd6c0
Event: 14546.591 Thread 0x000002614c0ae350 DEOPT UNPACKING pc=0x0000026129954e42 sp=0x000000d0673fcbb8 mode 0
Event: 14547.451 Thread 0x000002614c0ad630 DEOPT PACKING pc=0x000002612245258a sp=0x000000d0679fd8b0
Event: 14547.451 Thread 0x000002614c0ad630 DEOPT UNPACKING pc=0x0000026129954e42 sp=0x000000d0679fcdd8 mode 0
Event: 14547.655 Thread 0x000002614c0b6690 Uncommon trap: trap_request=0xffffff45 fr.pc=0x000002612ba87228 relative=0x0000000000000568
Event: 14547.655 Thread 0x000002614c0b6690 Uncommon trap: reason=unstable_if action=reinterpret pc=0x000002612ba87228 method=java.math.MutableBigInteger.mul(ILjava/math/MutableBigInteger;)V @ 2 c2
Event: 14547.655 Thread 0x000002614c0b6690 DEOPT PACKING pc=0x000002612ba87228 sp=0x000000d067dfd440
Event: 14547.655 Thread 0x000002614c0b6690 DEOPT UNPACKING pc=0x00000261299546a2 sp=0x000000d067dfd3c8 mode 2
Event: 14908.132 Thread 0x000002614ababea0 DEOPT PACKING pc=0x0000026122611107 sp=0x000000d0666fd3a0
Event: 14908.132 Thread 0x000002614ababea0 DEOPT UNPACKING pc=0x0000026129954e42 sp=0x000000d0666fc8b8 mode 0

Classes loaded (20 events):
Event: 10422.798 Loading class java/nio/channels/Channels$WritableByteChannelImpl
Event: 10422.798 Loading class java/nio/channels/Channels$WritableByteChannelImpl done
Event: 10424.435 Loading class java/nio/channels/FileChannel$MapMode
Event: 10424.435 Loading class java/nio/channels/FileChannel$MapMode done
Event: 10424.435 Loading class jdk/internal/misc/ExtendedMapMode
Event: 10424.435 Loading class jdk/internal/misc/ExtendedMapMode done
Event: 10424.436 Loading class sun/nio/ch/FileChannelImpl$DefaultUnmapper
Event: 10424.436 Loading class sun/nio/ch/FileChannelImpl$Unmapper
Event: 10424.436 Loading class jdk/internal/access/foreign/UnmapperProxy
Event: 10424.436 Loading class jdk/internal/access/foreign/UnmapperProxy done
Event: 10424.436 Loading class sun/nio/ch/FileChannelImpl$Unmapper done
Event: 10424.436 Loading class sun/nio/ch/FileChannelImpl$DefaultUnmapper done
Event: 10424.436 Loading class sun/nio/ch/Util$4
Event: 10424.436 Loading class sun/nio/ch/Util$4 done
Event: 10857.549 Loading class sun/security/ssl/Alert
Event: 10857.550 Loading class sun/security/ssl/Alert done
Event: 10857.550 Loading class sun/security/ssl/Alert$AlertConsumer
Event: 10857.551 Loading class sun/security/ssl/Alert$AlertConsumer done
Event: 10857.551 Loading class sun/security/ssl/Alert$Level
Event: 10857.551 Loading class sun/security/ssl/Alert$Level done

Classes unloaded (20 events):
Event: 14339.256 Thread 0x00000261395a3ab0 Unloading class 0x0000000800a00800 'java/lang/invoke/LambdaForm$MH+0x0000000800a00800'
Event: 14339.256 Thread 0x00000261395a3ab0 Unloading class 0x00000008009fdc00 'jdk/internal/reflect/GeneratedSerializationConstructorAccessor15'
Event: 14339.256 Thread 0x00000261395a3ab0 Unloading class 0x0000000800aa2000 'ijKotlinCoroutineJvmDebugInit1_d5t7rhvdx4fr9ghubjyipk6vu$_run_closure1$_closure3'
Event: 14339.256 Thread 0x00000261395a3ab0 Unloading class 0x00000008008499d0 'ijKotlinCoroutineJvmDebugInit1_d5t7rhvdx4fr9ghubjyipk6vu$_run_closure1$_closure2'
Event: 14339.256 Thread 0x00000261395a3ab0 Unloading class 0x0000000800849588 'ijKotlinCoroutineJvmDebugInit1_d5t7rhvdx4fr9ghubjyipk6vu$_run_closure1'
Event: 14339.256 Thread 0x00000261395a3ab0 Unloading class 0x0000000800849000 'ijKotlinCoroutineJvmDebugInit1_d5t7rhvdx4fr9ghubjyipk6vu'
Event: 14339.256 Thread 0x00000261395a3ab0 Unloading class 0x0000000800a9db00 'com/intellij/gradle/toolingExtension/impl/util/collectionUtil/GradleCollectionUtil'
Event: 14339.256 Thread 0x00000261395a3ab0 Unloading class 0x0000000800a9d8c0 'com/intellij/gradle/toolingExtension/impl/initScript/util/GradleJvmForkedDebuggerHelper$$Lambda+0x0000000800a9d8c0'
Event: 14339.256 Thread 0x00000261395a3ab0 Unloading class 0x0000000800a9d678 'com/intellij/gradle/toolingExtension/impl/initScript/util/GradleTasksUtil$$Lambda+0x0000000800a9d678'
Event: 14339.256 Thread 0x00000261395a3ab0 Unloading class 0x0000000800a9d450 'com/intellij/gradle/toolingExtension/impl/initScript/util/GradleTasksUtil'
Event: 14339.256 Thread 0x00000261395a3ab0 Unloading class 0x0000000800a9d228 'com/intellij/gradle/toolingExtension/impl/initScript/util/GradleDebuggerUtil'
Event: 14339.256 Thread 0x00000261395a3ab0 Unloading class 0x0000000800a9d000 'com/intellij/gradle/toolingExtension/impl/initScript/util/GradleJvmForkedDebuggerHelper'
Event: 14339.256 Thread 0x00000261395a3ab0 Unloading class 0x0000000800a00c00 'com/intellij/gradle/toolingExtension/impl/initScript/util/GradleLifecycleUtil$$Lambda+0x0000000800a00c00'
Event: 14339.256 Thread 0x00000261395a3ab0 Unloading class 0x0000000800840c50 'com/intellij/gradle/toolingExtension/impl/initScript/util/GradleLifecycleUtil$$Lambda+0x0000000800840c50'
Event: 14339.256 Thread 0x00000261395a3ab0 Unloading class 0x0000000800840a28 'com/intellij/gradle/toolingExtension/util/GradleVersionUtil'
Event: 14339.256 Thread 0x00000261395a3ab0 Unloading class 0x0000000800840800 'com/intellij/gradle/toolingExtension/impl/initScript/util/GradleLifecycleUtil'
Event: 14339.256 Thread 0x00000261395a3ab0 Unloading class 0x0000000800aa1000 'ijJvmDebugger1_amxldhla0sgtknc2p75ob1gmp$_run_closure1$_closure2'
Event: 14339.256 Thread 0x00000261395a3ab0 Unloading class 0x0000000800841000 'ijJvmDebugger1_amxldhla0sgtknc2p75ob1gmp$_run_closure1'
Event: 14339.256 Thread 0x00000261395a3ab0 Unloading class 0x0000000800840000 'ijJvmDebugger1_amxldhla0sgtknc2p75ob1gmp'
Event: 14339.256 Thread 0x00000261395a3ab0 Unloading class 0x00000008000c1800 'java/lang/invoke/LambdaForm$MH+0x00000008000c1800'

Classes redefined (0 events):
No events

Internal exceptions (20 events):
Event: 15272.797 Thread 0x000002614ab9f9c0 Exception <a 'sun/nio/fs/WindowsException'{0x0000000718cc1ff8}> (0x0000000718cc1ff8) 
thrown [s\src\hotspot\share\prims\jni.cpp, line 537]
Event: 15272.797 Thread 0x000002614ab9f9c0 Exception <a 'sun/nio/fs/WindowsException'{0x0000000718cc3210}> (0x0000000718cc3210) 
thrown [s\src\hotspot\share\prims\jni.cpp, line 537]
Event: 15272.797 Thread 0x000002614ab9f9c0 Exception <a 'sun/nio/fs/WindowsException'{0x0000000718cd04c0}> (0x0000000718cd04c0) 
thrown [s\src\hotspot\share\prims\jni.cpp, line 537]
Event: 15272.798 Thread 0x000002614ab9f9c0 Exception <a 'sun/nio/fs/WindowsException'{0x0000000718cd16d8}> (0x0000000718cd16d8) 
thrown [s\src\hotspot\share\prims\jni.cpp, line 537]
Event: 15272.798 Thread 0x000002614ab9f9c0 Exception <a 'sun/nio/fs/WindowsException'{0x0000000718cd28b8}> (0x0000000718cd28b8) 
thrown [s\src\hotspot\share\prims\jni.cpp, line 537]
Event: 15272.799 Thread 0x000002614ab9f9c0 Exception <a 'sun/nio/fs/WindowsException'{0x0000000718cd3bd0}> (0x0000000718cd3bd0) 
thrown [s\src\hotspot\share\prims\jni.cpp, line 537]
Event: 15272.800 Thread 0x000002614ab9f9c0 Exception <a 'sun/nio/fs/WindowsException'{0x0000000718cd4e78}> (0x0000000718cd4e78) 
thrown [s\src\hotspot\share\prims\jni.cpp, line 537]
Event: 15272.800 Thread 0x000002614ab9f9c0 Exception <a 'sun/nio/fs/WindowsException'{0x0000000718cd6228}> (0x0000000718cd6228) 
thrown [s\src\hotspot\share\prims\jni.cpp, line 537]
Event: 15272.801 Thread 0x000002614ab9f9c0 Exception <a 'sun/nio/fs/WindowsException'{0x0000000718cd7608}> (0x0000000718cd7608) 
thrown [s\src\hotspot\share\prims\jni.cpp, line 537]
Event: 15272.803 Thread 0x000002614ab9f9c0 Exception <a 'sun/nio/fs/WindowsException'{0x0000000718cd89b8}> (0x0000000718cd89b8) 
thrown [s\src\hotspot\share\prims\jni.cpp, line 537]
Event: 15272.804 Thread 0x000002614ab9f9c0 Exception <a 'sun/nio/fs/WindowsException'{0x0000000718cd9d60}> (0x0000000718cd9d60) 
thrown [s\src\hotspot\share\prims\jni.cpp, line 537]
Event: 15272.805 Thread 0x000002614ab9f9c0 Exception <a 'sun/nio/fs/WindowsException'{0x0000000718cdb0d0}> (0x0000000718cdb0d0) 
thrown [s\src\hotspot\share\prims\jni.cpp, line 537]
Event: 15272.806 Thread 0x000002614ab9f9c0 Exception <a 'sun/nio/fs/WindowsException'{0x0000000718cdc440}> (0x0000000718cdc440) 
thrown [s\src\hotspot\share\prims\jni.cpp, line 537]
Event: 15272.807 Thread 0x000002614ab9f9c0 Exception <a 'sun/nio/fs/WindowsException'{0x0000000718cdd720}> (0x0000000718cdd720) 
thrown [s\src\hotspot\share\prims\jni.cpp, line 537]
Event: 15272.808 Thread 0x000002614ab9f9c0 Exception <a 'sun/nio/fs/WindowsException'{0x0000000718cdea38}> (0x0000000718cdea38) 
thrown [s\src\hotspot\share\prims\jni.cpp, line 537]
Event: 15272.808 Thread 0x000002614ab9f9c0 Exception <a 'sun/nio/fs/WindowsException'{0x0000000718cdfd50}> (0x0000000718cdfd50) 
thrown [s\src\hotspot\share\prims\jni.cpp, line 537]
Event: 15272.809 Thread 0x000002614ab9f9c0 Exception <a 'sun/nio/fs/WindowsException'{0x0000000718ce1068}> (0x0000000718ce1068) 
thrown [s\src\hotspot\share\prims\jni.cpp, line 537]
Event: 15272.810 Thread 0x000002614ab9f9c0 Exception <a 'sun/nio/fs/WindowsException'{0x0000000718ce2380}> (0x0000000718ce2380) 
thrown [s\src\hotspot\share\prims\jni.cpp, line 537]
Event: 15272.810 Thread 0x000002614ab9f9c0 Exception <a 'sun/nio/fs/WindowsException'{0x0000000718ce3660}> (0x0000000718ce3660) 
thrown [s\src\hotspot\share\prims\jni.cpp, line 537]
Event: 15272.811 Thread 0x000002614ab9f9c0 Exception <a 'sun/nio/fs/WindowsException'{0x0000000718ce4720}> (0x0000000718ce4720) 
thrown [s\src\hotspot\share\prims\jni.cpp, line 537]

ZGC Phase Switch (0 events):
No events

VM Operations (20 events):
Event: 14907.698 Executing VM operation: G1CollectForAllocation (G1 Evacuation Pause) done
Event: 14907.827 Executing VM operation: G1CollectForAllocation (G1 Evacuation Pause)
Event: 14907.840 Executing VM operation: G1CollectForAllocation (G1 Evacuation Pause) done
Event: 14907.940 Executing VM operation: G1PauseRemark
Event: 14907.947 Executing VM operation: G1PauseRemark done
Event: 14908.019 Executing VM operation: G1PauseCleanup
Event: 14908.019 Executing VM operation: G1PauseCleanup done
Event: 14908.025 Executing VM operation: G1CollectForAllocation (G1 Evacuation Pause)
Event: 14908.039 Executing VM operation: G1CollectForAllocation (G1 Evacuation Pause) done
Event: 14909.039 Executing VM operation: Cleanup
Event: 14909.039 Executing VM operation: Cleanup done
Event: 14916.298 Executing VM operation: HandshakeAllThreads (HandshakeForDeflation)
Event: 14916.298 Executing VM operation: HandshakeAllThreads (HandshakeForDeflation) done
Event: 14916.298 Executing VM operation: RendezvousGCThreads
Event: 14916.298 Executing VM operation: RendezvousGCThreads done
Event: 15270.495 Executing VM operation: Cleanup
Event: 15270.495 Executing VM operation: Cleanup done
Event: 15271.496 Executing VM operation: Cleanup
Event: 15271.496 Executing VM operation: Cleanup done
Event: 15272.838 Executing VM operation: G1CollectForAllocation (G1 Evacuation Pause)

Memory protections (0 events):
No events

Nmethod flushes (20 events):
Event: 14907.946 Thread 0x00000261395a3ab0 flushing  nmethod 0x0000026122451110
Event: 14907.946 Thread 0x00000261395a3ab0 flushing  nmethod 0x0000026122687410
Event: 14907.946 Thread 0x00000261395a3ab0 flushing  nmethod 0x00000261228bb810
Event: 14907.946 Thread 0x00000261395a3ab0 flushing  nmethod 0x0000026122ad3390
Event: 14907.946 Thread 0x00000261395a3ab0 flushing  nmethod 0x0000026122cf9490
Event: 14907.946 Thread 0x00000261395a3ab0 flushing  nmethod 0x0000026122d00390
Event: 14907.946 Thread 0x00000261395a3ab0 flushing  nmethod 0x0000026122efcd90
Event: 14907.946 Thread 0x00000261395a3ab0 flushing  nmethod 0x00000261236b5f90
Event: 14907.946 Thread 0x00000261395a3ab0 flushing  nmethod 0x00000261236b7710
Event: 14907.946 Thread 0x00000261395a3ab0 flushing  nmethod 0x00000261236b8090
Event: 14907.946 Thread 0x00000261395a3ab0 flushing  nmethod 0x000002612376af10
Event: 14907.946 Thread 0x00000261395a3ab0 flushing  nmethod 0x0000026123dadd90
Event: 14907.946 Thread 0x00000261395a3ab0 flushing osr nmethod 0x0000026123edc310
Event: 14907.946 Thread 0x00000261395a3ab0 flushing  nmethod 0x0000026123eddb10
Event: 14907.946 Thread 0x00000261395a3ab0 flushing  nmethod 0x0000026123ede610
Event: 14907.946 Thread 0x00000261395a3ab0 flushing  nmethod 0x0000026124026490
Event: 14907.946 Thread 0x00000261395a3ab0 flushing  nmethod 0x00000261246fec10
Event: 14907.946 Thread 0x00000261395a3ab0 flushing  nmethod 0x0000026124a17c90
Event: 14907.946 Thread 0x00000261395a3ab0 flushing  nmethod 0x0000026124a18710
Event: 14907.946 Thread 0x00000261395a3ab0 flushing  nmethod 0x0000026124a94490

Events (20 events):
Event: 15271.286 Thread 0x000002614ab9e610 Thread added: 0x000002614c0a0ac0
Event: 15271.287 Thread 0x000002614ab9e610 Thread added: 0x000002614c0a1150
Event: 15271.287 Thread 0x000002614ab9e610 Thread added: 0x000002614c09e360
Event: 15271.287 Thread 0x000002614ab9e610 Thread added: 0x000002614c09f080
Event: 15271.287 Thread 0x000002614ab9e610 Thread added: 0x000002614c0a2500
Event: 15271.287 Thread 0x000002614ab9e610 Thread added: 0x000002614c09f710
Event: 15271.287 Thread 0x000002614ab9e610 Thread added: 0x000002614c0a38b0
Event: 15271.288 Thread 0x000002614ab9e610 Thread added: 0x000002614c0a66a0
Event: 15272.813 Thread 0x000002614ab9f9c0 Thread added: 0x000002614c0a0430
Event: 15272.813 Thread 0x000002614ab9f9c0 Thread added: 0x000002614c0a4c60
Event: 15272.814 Thread 0x000002614ab9f9c0 Thread added: 0x000002614c0a6010
Event: 15272.814 Thread 0x000002614ab9f9c0 Thread added: 0x000002614c0a52f0
Event: 15272.815 Thread 0x000002614ab9f9c0 Thread added: 0x000002614c0a3f40
Event: 15272.816 Thread 0x000002614ab9f9c0 Thread added: 0x000002614c0a6d30
Event: 15272.818 Thread 0x000002614ab9f9c0 Thread added: 0x000002614c0a45d0
Event: 15272.820 Thread 0x000002614ab9f9c0 Thread added: 0x000002614c0a3220
Event: 15272.822 Thread 0x000002614ab9f9c0 Thread added: 0x000002614c0aa840
Event: 15272.824 Thread 0x000002614ab9f9c0 Thread added: 0x000002614c0a7a50
Event: 15272.825 Thread 0x000002614ab9f9c0 Thread added: 0x000002614c0a8e00
Event: 15272.828 Thread 0x000002614ab9f9c0 Thread added: 0x000002614c0a9b20


Dynamic libraries:
0x00007ff66a300000 - 0x00007ff66a30a000 	D:\Android\jbr\bin\java.exe
0x00007ffc3b640000 - 0x00007ffc3b8a8000 	C:\Windows\SYSTEM32\ntdll.dll
0x00007ffc3a530000 - 0x00007ffc3a5f9000 	C:\Windows\System32\KERNEL32.DLL
0x00007ffc38a80000 - 0x00007ffc38e78000 	C:\Windows\System32\KERNELBASE.dll
0x00007ffc38930000 - 0x00007ffc38a7b000 	C:\Windows\System32\ucrtbase.dll
0x00007ffc2e4d0000 - 0x00007ffc2e4eb000 	D:\Android\jbr\bin\VCRUNTIME140.dll
0x00007ffc1edb0000 - 0x00007ffc1edc8000 	D:\Android\jbr\bin\jli.dll
0x00007ffc3aca0000 - 0x00007ffc3ae67000 	C:\Windows\System32\USER32.dll
0x00007ffc38850000 - 0x00007ffc38877000 	C:\Windows\System32\win32u.dll
0x00007ffc3a690000 - 0x00007ffc3a6bb000 	C:\Windows\System32\GDI32.dll
0x00007ffc1df90000 - 0x00007ffc1e224000 	C:\Windows\WinSxS\amd64_microsoft.windows.common-controls_6595b64144ccf1df_6.0.26100.7019_none_3e06ffa0e335b8a8\COMCTL32.dll
0x00007ffc392b0000 - 0x00007ffc393dc000 	C:\Windows\System32\gdi32full.dll
0x00007ffc38e80000 - 0x00007ffc38f23000 	C:\Windows\System32\msvcp_win.dll
0x00007ffc39b40000 - 0x00007ffc39be9000 	C:\Windows\System32\msvcrt.dll
0x00007ffc3a4e0000 - 0x00007ffc3a511000 	C:\Windows\System32\IMM32.DLL
0x00007ffc2e750000 - 0x00007ffc2e75c000 	D:\Android\jbr\bin\vcruntime140_1.dll
0x00007ffbd3840000 - 0x00007ffbd38cd000 	D:\Android\jbr\bin\msvcp140.dll
0x00007ffb90ab0000 - 0x00007ffb9173e000 	D:\Android\jbr\bin\server\jvm.dll
0x00007ffc3a920000 - 0x00007ffc3a9d4000 	C:\Windows\System32\ADVAPI32.dll
0x00007ffc3ae70000 - 0x00007ffc3af16000 	C:\Windows\System32\sechost.dll
0x00007ffc3b2b0000 - 0x00007ffc3b3c8000 	C:\Windows\System32\RPCRT4.dll
0x00007ffc3a0f0000 - 0x00007ffc3a164000 	C:\Windows\System32\WS2_32.dll
0x00007ffc38090000 - 0x00007ffc380ee000 	C:\Windows\SYSTEM32\POWRPROF.dll
0x00007ffc2c7b0000 - 0x00007ffc2c7bb000 	C:\Windows\SYSTEM32\VERSION.dll
0x00007ffc291f0000 - 0x00007ffc29225000 	C:\Windows\SYSTEM32\WINMM.dll
0x00007ffc38030000 - 0x00007ffc38044000 	C:\Windows\SYSTEM32\UMPDC.dll
0x00007ffc37550000 - 0x00007ffc3756b000 	C:\Windows\SYSTEM32\kernel.appcore.dll
0x00007ffc2cde0000 - 0x00007ffc2cdea000 	D:\Android\jbr\bin\jimage.dll
0x00007ffc36020000 - 0x00007ffc36262000 	C:\Windows\SYSTEM32\DBGHELP.DLL
0x00007ffc3af20000 - 0x00007ffc3b2ab000 	C:\Windows\System32\combase.dll
0x00007ffc3a6c0000 - 0x00007ffc3a797000 	C:\Windows\System32\OLEAUT32.dll
0x00007ffc1d400000 - 0x00007ffc1d43c000 	C:\Windows\SYSTEM32\dbgcore.DLL
0x00007ffc38880000 - 0x00007ffc38925000 	C:\Windows\System32\bcryptPrimitives.dll
0x00007ffc01770000 - 0x00007ffc0177e000 	D:\Android\jbr\bin\instrument.dll
0x00007ffc15800000 - 0x00007ffc15820000 	D:\Android\jbr\bin\java.dll
0x00007ffc156d0000 - 0x00007ffc156e8000 	D:\Android\jbr\bin\zip.dll
0x00007ffc393e0000 - 0x00007ffc39b2f000 	C:\Windows\System32\SHELL32.dll
0x00007ffc38f30000 - 0x00007ffc3909b000 	C:\Windows\System32\wintypes.dll
0x00007ffc36380000 - 0x00007ffc36bdd000 	C:\Windows\SYSTEM32\windows.storage.dll
0x00007ffc3a240000 - 0x00007ffc3a332000 	C:\Windows\System32\SHCORE.dll
0x00007ffc3b550000 - 0x00007ffc3b5b7000 	C:\Windows\System32\shlwapi.dll
0x00007ffc386b0000 - 0x00007ffc386d9000 	C:\Windows\SYSTEM32\profapi.dll
0x00007ffc2c050000 - 0x00007ffc2c060000 	D:\Android\jbr\bin\net.dll
0x00007ffc2f260000 - 0x00007ffc2f388000 	C:\Windows\SYSTEM32\WINHTTP.dll
0x00007ffc37ac0000 - 0x00007ffc37b2b000 	C:\Windows\system32\mswsock.dll
0x00007ffc156b0000 - 0x00007ffc156c6000 	D:\Android\jbr\bin\nio.dll
0x00007ffc140a0000 - 0x00007ffc140b0000 	D:\Android\jbr\bin\verify.dll
0x00007ffc09b30000 - 0x00007ffc09b57000 	C:\Users\ADMIN\.gradle\native\1def1411415f61bf3af743bc5b6707747c0891f09f0c88961ee8f79bc544acac\windows-amd64\native-platform.dll
0x00007ffbd3f70000 - 0x00007ffbd3fe8000 	C:\Users\ADMIN\.gradle\native\0.2.7\x86_64-windows-gnu\gradle-fileevents.dll
0x00007ffc1d530000 - 0x00007ffc1d539000 	D:\Android\jbr\bin\management.dll
0x00007ffc1ab40000 - 0x00007ffc1ab4b000 	D:\Android\jbr\bin\management_ext.dll
0x00007ffc3a520000 - 0x00007ffc3a528000 	C:\Windows\System32\PSAPI.DLL
0x00007ffc36f60000 - 0x00007ffc36f94000 	C:\Windows\SYSTEM32\IPHLPAPI.DLL
0x00007ffc3b5f0000 - 0x00007ffc3b5fa000 	C:\Windows\System32\NSI.dll
0x00007ffc21c10000 - 0x00007ffc21c19000 	D:\Android\jbr\bin\extnet.dll
0x00007ffc37d80000 - 0x00007ffc37d9b000 	C:\Windows\SYSTEM32\CRYPTSP.dll
0x00007ffc374b0000 - 0x00007ffc374ea000 	C:\Windows\system32\rsaenh.dll
0x00007ffc37b70000 - 0x00007ffc37b9b000 	C:\Windows\SYSTEM32\USERENV.dll
0x00007ffc38680000 - 0x00007ffc386aa000 	C:\Windows\SYSTEM32\bcrypt.dll
0x00007ffc37da0000 - 0x00007ffc37dac000 	C:\Windows\SYSTEM32\CRYPTBASE.dll
0x00007ffc1aec0000 - 0x00007ffc1aec8000 	C:\Windows\system32\wshunix.dll
0x00007ffc10c00000 - 0x00007ffc10c18000 	C:\Windows\system32\napinsp.dll
0x00007ffc37000000 - 0x00007ffc3712c000 	C:\Windows\SYSTEM32\DNSAPI.dll
0x00007ffc0fb60000 - 0x00007ffc0fb72000 	C:\Windows\System32\winrnr.dll
0x00007ffc0fad0000 - 0x00007ffc0faf2000 	C:\Windows\system32\nlansp_c.dll
0x00007ffc2d840000 - 0x00007ffc2d856000 	C:\Windows\system32\wshbth.dll
0x00007ffc2d820000 - 0x00007ffc2d82b000 	C:\Windows\System32\rasadhlp.dll
0x00007ffc2f9b0000 - 0x00007ffc2fa36000 	C:\Windows\System32\fwpuclnt.dll
0x00007ffc15900000 - 0x00007ffc1591e000 	C:\Users\ADMIN\AppData\Local\Temp\native-platform271180851837259258dir\native-platform.dll
0x00007ffc158f0000 - 0x00007ffc158f7000 	D:\Android\jbr\bin\rmi.dll
0x00007ffc37670000 - 0x00007ffc376a6000 	C:\Windows\SYSTEM32\ntmarta.dll

dbghelp: loaded successfully - version: 4.0.5 - missing functions: none
symbol engine: initialized successfully - sym options: 0x614 - pdb path: .;D:\Android\jbr\bin;C:\Windows\SYSTEM32;C:\Windows\WinSxS\amd64_microsoft.windows.common-controls_6595b64144ccf1df_6.0.26100.7019_none_3e06ffa0e335b8a8;D:\Android\jbr\bin\server;C:\Users\ADMIN\.gradle\native\1def1411415f61bf3af743bc5b6707747c0891f09f0c88961ee8f79bc544acac\windows-amd64;C:\Users\ADMIN\.gradle\native\0.2.7\x86_64-windows-gnu;C:\Users\ADMIN\AppData\Local\Temp\native-platform271180851837259258dir

VM Arguments:
jvm_args: --add-opens=java.base/java.lang=ALL-UNNAMED --add-opens=java.base/java.lang.invoke=ALL-UNNAMED --add-opens=java.base/java.util=ALL-UNNAMED --add-opens=java.prefs/java.util.prefs=ALL-UNNAMED --add-exports=jdk.compiler/com.sun.tools.javac.api=ALL-UNNAMED --add-exports=jdk.compiler/com.sun.tools.javac.util=ALL-UNNAMED --add-opens=java.base/java.util=ALL-UNNAMED --add-opens=java.prefs/java.util.prefs=ALL-UNNAMED --add-opens=java.base/java.nio.charset=ALL-UNNAMED --add-opens=java.base/java.net=ALL-UNNAMED --add-opens=java.base/java.util.concurrent.atomic=ALL-UNNAMED --add-opens=java.xml/javax.xml.namespace=ALL-UNNAMED -Xmx4g -Dfile.encoding=UTF-8 -Duser.country=US -Duser.language=en -Duser.variant -javaagent:C:\Users\ADMIN\.gradle\wrapper\dists\gradle-8.13-bin\5xuhj0ry160q40clulazy9h7d\gradle-8.13\lib\agents\gradle-instrumentation-agent-8.13.jar 
java_command: org.gradle.launcher.daemon.bootstrap.GradleDaemon 8.13
java_class_path (initial): C:\Users\ADMIN\.gradle\wrapper\dists\gradle-8.13-bin\5xuhj0ry160q40clulazy9h7d\gradle-8.13\lib\gradle-daemon-main-8.13.jar
Launcher Type: SUN_STANDARD

[Global flags]
     intx CICompilerCount                          = 4                                         {product} {ergonomic}
     uint ConcGCThreads                            = 3                                         {product} {ergonomic}
     uint G1ConcRefinementThreads                  = 10                                        {product} {ergonomic}
   size_t G1HeapRegionSize                         = 2097152                                   {product} {ergonomic}
    uintx GCDrainStackTargetSize                   = 64                                        {product} {ergonomic}
   size_t InitialHeapSize                          = 398458880                                 {product} {ergonomic}
   size_t MarkStackSize                            = 4194304                                   {product} {ergonomic}
   size_t MaxHeapSize                              = 4294967296                                {product} {command line}
   size_t MaxNewSize                               = 2575302656                                {product} {ergonomic}
   size_t MinHeapDeltaBytes                        = 2097152                                   {product} {ergonomic}
   size_t MinHeapSize                              = 8388608                                   {product} {ergonomic}
    uintx NonNMethodCodeHeapSize                   = 5839372                                {pd product} {ergonomic}
    uintx NonProfiledCodeHeapSize                  = 122909434                              {pd product} {ergonomic}
    uintx ProfiledCodeHeapSize                     = 122909434                              {pd product} {ergonomic}
    uintx ReservedCodeCacheSize                    = 251658240                              {pd product} {ergonomic}
     bool SegmentedCodeCache                       = true                                      {product} {ergonomic}
   size_t SoftMaxHeapSize                          = 4294967296                             {manageable} {ergonomic}
     bool UseCompressedOops                        = true                           {product lp64_product} {ergonomic}
     bool UseG1GC                                  = true                                      {product} {ergonomic}
     bool UseLargePagesIndividualAllocation        = false                                  {pd product} {ergonomic}

Logging:
Log output configuration:
 #0: stdout all=warning uptime,level,tags foldmultilines=false
 #1: stderr all=off uptime,level,tags foldmultilines=false

Environment Variables:
PATH=C:\Program Files (x86)\VMware\VMware Workstation\bin\;C:\Windows\system32;C:\Windows;C:\Windows\System32\Wbem;C:\Windows\System32\WindowsPowerShell\v1.0\;C:\Windows\System32\OpenSSH\;C:\Program Files (x86)\NVIDIA Corporation\PhysX\Common;C:\Program Files\NVIDIA Corporation\NVIDIA NvDLISR;C:\Program Files\Docker\Docker\resources\bin;D:\Git\cmd;C:\Program Files\nodejs\;C:\Program Files\Go\bin;C:\Program Files\dotnet\;C:\Program Files\cursor\resources\app\bin;C:\flutter_windows_3.35.7-stable\flutter\bin;C:\xampp\php;C:\ProgramData\ComposerSetup\bin;C:\Users\ADMIN\AppData\Local\Microsoft\WindowsApps;D:\Microsoft VS Code\bin;C:\msys64\ucrt64\bin;C:\Users\ADMIN\AppData\Roaming\npm;C:\Users\ADMIN\Downloads\jdk-25_windows-x64_bin\jdk-25\bin;C:\Users\ADMIN\go\bin;C:\Users\ADMIN\.dotnet\tools;C:\Users\ADMIN\AppData\Roaming\Composer\vendor\bin
USERNAME=ADMIN
OS=Windows_NT
PROCESSOR_IDENTIFIER=Intel64 Family 6 Model 186 Stepping 2, GenuineIntel
TMP=C:\Users\ADMIN\AppData\Local\Temp
TEMP=C:\Users\ADMIN\AppData\Local\Temp




Periodic native trim disabled

JNI global refs:
JNI global refs: 29, weak refs: 6

JNI global refs memory usage: 835, weak refs: 897

Process memory usage:
Resident Set Size: 1348816K (5% of 24862364K total physical memory with 4042796K free physical memory)

OOME stack traces (most recent first):
Classloader memory used:
Loader org.gradle.internal.classloader.VisitableURLClassLoader$InstrumentingVisitableURLClassLoader: 80498K
Loader org.gradle.internal.classloader.VisitableURLClassLoader                         : 53691K
Loader bootstrap                                                                       : 36858K
Loader org.gradle.initialization.MixInLegacyTypesClassLoader                           : 15740K
Loader org.gradle.internal.classloader.VisitableURLClassLoader                         : 8761K
Loader jdk.internal.reflect.DelegatingClassLoader                                      : 1328K
Loader jdk.internal.loader.ClassLoaders$PlatformClassLoader                            : 835K
Loader org.gradle.groovy.scripts.internal.DefaultScriptCompilationHandler$ScriptClassLoader: 272K
Loader jdk.internal.loader.ClassLoaders$AppClassLoader                                 : 235K
Loader org.codehaus.groovy.runtime.callsite.CallSiteClassLoader                        : 78120B
Loader sun.reflect.misc.MethodUtil                                                     : 2968B

Classes loaded by more than one classloader:
Class Program                                                                         : loaded 5 times (x 70B)
Class com.intellij.gradle.toolingExtension.util.GradleVersionUtil                     : loaded 5 times (x 69B)
Class com.amazon.ion.impl._Private_IonBinaryWriterBuilder                             : loaded 3 times (x 113B)
Class com.amazon.ion.BufferConfiguration$DataHandler                                  : loaded 3 times (x 68B)
Class com.amazon.ion.impl._Private_LocalSymbolTable                                   : loaded 3 times (x 68B)
Class com.amazon.ion.ReadOnlyValueException                                           : loaded 3 times (x 82B)
Class com.amazon.ion.IonSexp                                                          : loaded 3 times (x 68B)
Class com.amazon.ion.UnexpectedEofException                                           : loaded 3 times (x 82B)
Class com.amazon.ion.impl.bin.IonManagedBinaryWriter$UserState$1                      : loaded 3 times (x 83B)
Class org.jetbrains.plugins.gradle.tooling.serialization.internal.IdeaProjectSerializationService$ReadContext: loaded 3 times (x 70B)
Class com.android.ide.gradle.model.LegacyAndroidGradlePluginProperties                : loaded 3 times (x 68B)
Class com.google.common.collect.RegularImmutableMap$KeySet                            : loaded 3 times (x 150B)
Class com.google.common.collect.Iterables                                             : loaded 3 times (x 69B)
Class org.jetbrains.plugins.gradle.tooling.serialization.GradleExtensionsSerializationService$ReadContext: loaded 3 times (x 70B)
Class com.amazon.ion.impl.lite.ContainerlessContext                                   : loaded 3 times (x 78B)
Class com.amazon.ion.impl._Private_RecyclingQueue$Recycler                            : loaded 3 times (x 68B)
Class com.google.common.collect.RegularImmutableSet                                   : loaded 3 times (x 147B)
Class com.google.common.collect.Iterators$MergingIterator                             : loaded 3 times (x 79B)
Class com.intellij.gradle.toolingExtension.impl.model.sourceSetModel.GradleSourceSetSerialisationService$SourceSetModelWriteContext: loaded 3 times (x 70B)
Class com.intellij.gradle.toolingExtension.impl.model.utilTurnOffDefaultTasksModel.TurnOffDefaultTasks: loaded 3 times (x 68B)
Class com.intellij.gradle.toolingExtension.impl.model.sourceSetModel.GradleSourceSetSerialisationService$SourceSetModelReadContext: loaded 3 times (x 70B)
Class com.amazon.ion.IonCatalog                                                       : loaded 3 times (x 68B)
Class com.amazon.ion.impl.bin.IonManagedBinaryWriter$UserState$2                      : loaded 3 times (x 83B)
Class com.amazon.ion.impl._Private_IonValue                                           : loaded 3 times (x 68B)
Class com.amazon.ion.system.IonSystemBuilder                                          : loaded 3 times (x 73B)
Class com.intellij.gradle.toolingExtension.impl.model.sourceSetModel.GradleSourceSetSerialisationService$Companion: loaded 3 times (x 69B)
Class com.amazon.ion.impl._Private_IonWriterBase                                      : loaded 3 times (x 160B)
Class [Lcom.amazon.ion.impl.bin.IonManagedBinaryWriter$SymbolState;                   : loaded 3 times (x 67B)
Class com.google.common.base.CharMatcher$IsEither                                     : loaded 3 times (x 109B)
Class com.google.common.collect.ImmutableList$SubList                                 : loaded 3 times (x 207B)
Class com.google.common.collect.ForwardingObject                                      : loaded 3 times (x 70B)
Class org.jetbrains.plugins.gradle.javaModel.JavaGradleManifestModel                  : loaded 3 times (x 68B)
Class com.intellij.gradle.toolingExtension.impl.model.taskModel.GradleTaskSerialisationService$Companion: loaded 3 times (x 69B)
Class org.jetbrains.plugins.gradle.tooling.serialization.GradleExtensionsSerializationService$WriteContext: loaded 3 times (x 70B)
Class com.amazon.ion.SymbolTable                                                      : loaded 3 times (x 68B)
Class com.amazon.ion.impl.bin.IonManagedBinaryWriter$ImportDescriptor                 : loaded 3 times (x 74B)
Class com.google.common.collect.ImmutableSet$SetBuilderImpl                           : loaded 3 times (x 74B)
Class com.amazon.ion.SubstituteSymbolTableException                                   : loaded 3 times (x 82B)
Class com.amazon.ion.impl.SymbolTokenImpl                                             : loaded 3 times (x 79B)
Class com.amazon.ion.IonText                                                          : loaded 3 times (x 68B)
Class com.amazon.ion.impl.bin.utf8.Pool$Allocator                                     : loaded 3 times (x 68B)
Class com.amazon.ion.impl.bin.IonManagedBinaryWriter$UserState$3                      : loaded 3 times (x 83B)
Class com.amazon.ion.IonException                                                     : loaded 3 times (x 82B)
Class org.jetbrains.plugins.gradle.tooling.util.IntObjectMap$ObjectFactory            : loaded 3 times (x 68B)
Class com.amazon.ion.impl.bin.utf8.Utf8StringEncoder$Result                           : loaded 3 times (x 72B)
Class com.google.common.collect.ImmutableList$1                                       : loaded 3 times (x 95B)
Class com.google.common.collect.ImmutableList                                         : loaded 3 times (x 204B)
Class [Lcom.amazon.ion.impl.bin.IonRawBinaryWriter$ContainerType;                     : loaded 3 times (x 67B)
Class com.amazon.ion.IonBufferConfiguration$Builder                                   : loaded 3 times (x 76B)
Class com.amazon.ion.impl.lite.IonDecimalLite                                         : loaded 3 times (x 186B)
Class org.jetbrains.plugins.gradle.model.GradleExtension                              : loaded 3 times (x 68B)
Class com.amazon.ion.impl.bin.IonRawBinaryWriter$PreallocationMode$3                  : loaded 3 times (x 80B)
Class com.android.ide.gradle.model.GradlePluginModel                                  : loaded 3 times (x 68B)
Class com.google.common.base.CharMatcher$InRange                                      : loaded 3 times (x 109B)
Class org.jetbrains.plugins.gradle.model.UnresolvedExternalDependency                 : loaded 3 times (x 68B)
Class com.google.common.collect.ImmutableSet$Builder                                  : loaded 3 times (x 83B)
Class com.google.common.collect.SetMultimap                                           : loaded 3 times (x 68B)
Class org.jetbrains.kotlin.idea.gradleTooling.PrepareKotlinIdeImportTaskModel         : loaded 3 times (x 68B)
Class com.amazon.ion.impl.bin.IonRawBinaryWriter$PreallocationMode$2                  : loaded 3 times (x 80B)
Class com.amazon.ion.IonInt                                                           : loaded 3 times (x 68B)
Class com.amazon.ion.impl.bin.IonManagedBinaryWriter$UserState$4                      : loaded 3 times (x 83B)
Class com.amazon.ion.system.IonBinaryWriterBuilder                                    : loaded 3 times (x 97B)
Class org.jetbrains.plugins.gradle.model.GradleExtensions                             : loaded 3 times (x 68B)
Class org.jetbrains.plugins.gradle.model.AnnotationProcessingModel                    : loaded 3 times (x 68B)
Class com.google.common.collect.ImmutableMapEntrySet$RegularEntrySet                  : loaded 3 times (x 150B)
Class com.google.common.collect.RegularImmutableMap                                   : loaded 3 times (x 119B)
Class com.google.common.collect.ImmutableMap$MapViewOfValuesAsSingletonSets           : loaded 3 times (x 124B)
Class com.intellij.gradle.toolingExtension.impl.model.dependencyDownloadPolicyModel.GradleDependencyDownloadPolicy: loaded 3 times (x 68B)
Class org.jetbrains.kotlin.idea.gradleTooling.KotlinMPPGradleModel                    : loaded 3 times (x 68B)
Class [Lcom.amazon.ion.impl.bin._Private_IonManagedBinaryWriterBuilder$AllocatorMode; : loaded 3 times (x 67B)
Class com.amazon.ion.impl.bin.IonRawBinaryWriter$PreallocationMode$1                  : loaded 3 times (x 80B)
Class com.amazon.ion.impl._Private_ValueFactory                                       : loaded 3 times (x 68B)
Class com.amazon.ion.impl.lite.IonClobLite                                            : loaded 3 times (x 218B)
Class com.google.common.collect.RangeSet                                              : loaded 3 times (x 68B)
Class com.intellij.util.ThrowableConsumer                                             : loaded 3 times (x 68B)
Class org.jetbrains.plugins.gradle.model.DependencyAccessorsModel                     : loaded 3 times (x 68B)
Class org.gradle.internal.impldep.gnu.trove.TObjectHash                               : loaded 3 times (x 92B)
Class [Lcom.intellij.openapi.externalSystem.model.project.dependencies.ResolutionState;: loaded 3 times (x 67B)
Class com.google.common.collect.UnmodifiableListIterator                              : loaded 3 times (x 93B)
Class com.amazon.ion.impl.lite.IonNullLite                                            : loaded 3 times (x 173B)
Class com.google.common.collect.RangeGwtSerializationDependencies                     : loaded 3 times (x 69B)
Class com.google.common.base.Joiner$2                                                 : loaded 3 times (x 78B)
Class com.google.common.base.CharMatcher$NamedFastMatcher                             : loaded 3 times (x 110B)
Class com.google.common.base.CharMatcher$1                                            : loaded 3 times (x 111B)
Class org.jetbrains.plugins.gradle.tooling.serialization.AnnotationProcessingModelSerializationService: loaded 3 times (x 75B)
Class com.amazon.ion.impl._Private_LocalSymbolTableFactory                            : loaded 3 times (x 68B)
Class com.amazon.ion.impl.bin.IonManagedBinaryWriter$ImportedSymbolResolverMode$1$1$1 : loaded 3 times (x 74B)
Class org.jetbrains.kotlin.idea.gradleTooling.AndroidAwareGradleModelProvider$Companion: loaded 3 times (x 69B)
Class [Lcom.amazon.ion.impl.bin.IonRawBinaryWriter$StreamCloseMode;                   : loaded 3 times (x 67B)
Class com.amazon.ion.impl.lite.IonSymbolLite                                          : loaded 3 times (x 244B)
Class com.amazon.ion.impl.bin.IonManagedBinaryWriter$ImportedSymbolResolverMode$1     : loaded 3 times (x 78B)
Class com.amazon.ion.system.IonTextWriterBuilder                                      : loaded 3 times (x 96B)
Class com.intellij.util.containers.IntObjectHashMap$ArrayProducer                     : loaded 3 times (x 68B)
Class com.google.common.collect.PeekingIterator                                       : loaded 3 times (x 68B)
Class com.google.common.base.Joiner$1                                                 : loaded 3 times (x 79B)
Class com.google.common.base.CharMatcher                                              : loaded 3 times (x 109B)
Class com.google.common.collect.ImmutableSetMultimap                                  : loaded 3 times (x 178B)
Class org.jetbrains.plugins.gradle.tooling.serialization.ExternalTestsSerializationService: loaded 3 times (x 75B)
Class com.amazon.ion.IonSequence                                                      : loaded 3 times (x 68B)
Class com.amazon.ion.IonLob                                                           : loaded 3 times (x 68B)
Class com.amazon.ion.IonBlob                                                          : loaded 3 times (x 68B)
Class com.amazon.ion.impl.bin.IonRawBinaryWriter$PatchPoint                           : loaded 3 times (x 71B)
Class com.google.common.base.Preconditions                                            : loaded 3 times (x 69B)
Class com.amazon.ion.impl.bin.IonManagedBinaryWriter$ImportedSymbolResolverMode$2     : loaded 3 times (x 78B)
Class com.intellij.gradle.toolingExtension.impl.model.projectModel.GradleExternalProjectSerializationService: loaded 3 times (x 75B)
Class com.amazon.ion.impl._Private_IonBinaryWriterBuilder$Mutable                     : loaded 3 times (x 113B)
Class com.amazon.ion.impl.bin.IonRawBinaryWriter$StreamCloseMode                      : loaded 3 times (x 77B)
Class com.google.common.base.CharMatcher$Is                                           : loaded 3 times (x 109B)
Class com.google.common.base.CharMatcher$Negated                                      : loaded 3 times (x 111B)
Class org.jetbrains.plugins.gradle.model.tests.ExternalTestsModel                     : loaded 3 times (x 68B)
Class com.amazon.ion.IonDecimal                                                       : loaded 3 times (x 68B)
Class com.amazon.ion.BufferConfiguration$OversizedValueHandler                        : loaded 3 times (x 68B)
Class com.amazon.ion.impl._Private_IonSystem                                          : loaded 3 times (x 68B)
Class com.amazon.ion.impl.bin.utf8.Utf8StringEncoderPool                              : loaded 3 times (x 72B)
Class org.jetbrains.plugins.gradle.model.GradleConfiguration                          : loaded 3 times (x 68B)
Class com.google.common.collect.RegularImmutableMap$BucketOverflowException           : loaded 3 times (x 80B)
Class org.jetbrains.kotlin.idea.projectModel.KotlinTaskProperties                     : loaded 3 times (x 68B)
Class com.intellij.gradle.toolingExtension.impl.model.dependencyModel.DependencyWriteContext: loaded 3 times (x 70B)
Class org.jetbrains.plugins.gradle.tooling.serialization.internal.IdeaProjectSerializationService: loaded 3 times (x 75B)
Class com.intellij.gradle.toolingExtension.impl.model.projectModel.GradleExternalProjectSerializationService$ReadContext: loaded 3 times (x 71B)
Class [Lcom.google.common.collect.ImmutableMapEntry;                                  : loaded 3 times (x 67B)
Class com.amazon.ion.impl._Private_Utils                                              : loaded 3 times (x 69B)
Class com.google.common.collect.ImmutableRangeSet$ComplementRanges                    : loaded 3 times (x 205B)
Class com.google.common.collect.ImmutableSet$RegularSetBuilderImpl                    : loaded 3 times (x 75B)
Class org.jetbrains.plugins.gradle.model.GradleProperty                               : loaded 3 times (x 68B)
Class com.amazon.ion.IonLoader                                                        : loaded 3 times (x 68B)
Class org.gradle.internal.IoActions                                                   : loaded 3 times (x 69B)
Class com.amazon.ion.impl.lite.IonSystemLite                                          : loaded 3 times (x 273B)
Class com.amazon.ion.impl.bin.IonRawBinaryWriter$PreallocationMode                    : loaded 3 times (x 80B)
Class com.amazon.ion.impl.bin._Private_IonRawWriter                                   : loaded 3 times (x 68B)
Class com.amazon.ion.IonWriter                                                        : loaded 3 times (x 68B)
Class com.amazon.ion.IonBool                                                          : loaded 3 times (x 68B)
Class com.amazon.ion.impl.bin.utf8.Utf8StringEncoder                                  : loaded 3 times (x 78B)
Class [Lcom.amazon.ion.impl.bin.IonManagedBinaryWriter$UserState;                     : loaded 3 times (x 67B)
Class com.google.common.collect.ImmutableRangeSet                                     : loaded 3 times (x 113B)
Class org.gradle.internal.impldep.gnu.trove.TObjectIntProcedure                       : loaded 3 times (x 68B)
Class com.amazon.ion.IonNumber                                                        : loaded 3 times (x 68B)
Class com.amazon.ion.impl.lite.IonTextLite                                            : loaded 3 times (x 179B)
Class com.amazon.ion.impl.lite.IonLobLite                                             : loaded 3 times (x 182B)
Class org.jetbrains.plugins.gradle.tooling.ModelBuilderService$Parameter              : loaded 3 times (x 68B)
Class com.amazon.ion.IonClob                                                          : loaded 3 times (x 68B)
Class ijJvmDebugger1_amxldhla0sgtknc2p75ob1gmp$_run_closure1                          : loaded 3 times (x 137B)
Class com.amazon.ion.IonReader                                                        : loaded 3 times (x 68B)
Class org.jetbrains.plugins.gradle.model.AnnotationProcessingConfig                   : loaded 3 times (x 68B)
Class com.amazon.ion.impl._Private_RecyclingQueue$ElementFactory                      : loaded 3 times (x 68B)
Class com.amazon.ion.impl._Private_IonContainer                                       : loaded 3 times (x 68B)
Class com.intellij.gradle.toolingExtension.impl.model.buildScriptClasspathModel.GradleBuildScriptClasspathSerializationService$ReadContext: loaded 3 times (x 70B)
Class org.gradle.internal.impldep.gnu.trove.TObjectIntHashMap                         : loaded 3 times (x 107B)
Class com.amazon.ion.system.IonReaderBuilder                                          : loaded 3 times (x 91B)
Class org.gradle.api.GradleException                                                  : loaded 3 times (x 80B)
Class org.jetbrains.plugins.gradle.tooling.serialization.RepositoriesModelSerializationService$WriteContext: loaded 3 times (x 70B)
Class [Lcom.google.common.collect.AbstractMapEntry;                                   : loaded 3 times (x 67B)
Class org.jetbrains.plugins.gradle.tooling.util.ObjectCollector$Processor             : loaded 3 times (x 68B)
Class com.amazon.ion.impl.bin.AbstractIonWriter                                       : loaded 3 times (x 159B)
Class com.google.common.collect.AbstractRangeSet                                      : loaded 3 times (x 112B)
Class com.google.common.base.CharMatcher$NegatedFastMatcher                           : loaded 3 times (x 111B)
Class com.amazon.ion.impl.SymbolTableAsStruct                                         : loaded 3 times (x 68B)
Class com.amazon.ion.impl._Private_Utils$1                                            : loaded 3 times (x 87B)
Class com.amazon.ion.impl.lite.IonSequenceLite                                        : loaded 3 times (x 430B)
Class com.android.ide.gradle.model.dependencies.Coordinates                           : loaded 3 times (x 68B)
Class com.amazon.ion.impl._Private_RecyclingStack$$Iterator                           : loaded 3 times (x 97B)
Class com.amazon.ion.impl.SharedSymbolTable                                           : loaded 3 times (x 91B)
Class com.amazon.ion.impl.bin.IonRawBinaryWriter                                      : loaded 3 times (x 167B)
Class com.amazon.ion.SymbolToken                                                      : loaded 3 times (x 68B)
Class com.google.common.base.Predicate                                                : loaded 3 times (x 68B)
Class com.google.common.collect.ImmutableMap                                          : loaded 3 times (x 118B)
Class org.jetbrains.plugins.gradle.model.GradleSourceSetModel                         : loaded 3 times (x 68B)
Class com.intellij.gradle.toolingExtension.impl.model.sourceSetDependencyModel.GradleSourceSetDependencySerialisationService: loaded 3 times (x 75B)
Class org.jetbrains.plugins.gradle.tooling.serialization.internal.IdeaProjectSerializationService$WriteContext: loaded 3 times (x 70B)
Class com.amazon.ion.impl.bin.BlockAllocatorProvider                                  : loaded 3 times (x 70B)
Class com.google.common.base.CharMatcher$FastMatcher                                  : loaded 3 times (x 109B)
Class com.amazon.ion.impl.bin.AbstractIonWriter$WriteValueOptimization                : loaded 3 times (x 77B)
Class org.gradle.internal.Cast                                                        : loaded 3 times (x 69B)
Class org.gradle.api.Action                                                           : loaded 3 times (x 68B)
Class com.google.common.collect.ImmutableList$SerializedForm                          : loaded 3 times (x 71B)
Class org.jetbrains.plugins.gradle.tooling.serialization.ExternalTestsSerializationService$ReadContext: loaded 3 times (x 70B)
Class com.amazon.ion.impl.BlockedBuffer$BufferedOutputStream                          : loaded 3 times (x 88B)
Class com.amazon.ion.impl.bin.IonBinaryWriterAdapter$Factory                          : loaded 3 times (x 68B)
Class [Lcom.amazon.ion.SymbolTable;                                                   : loaded 3 times (x 67B)
Class com.amazon.ion.impl.bin.IonRawBinaryWriter$1                                    : loaded 3 times (x 75B)
Class com.google.common.base.CharMatcher$Or                                           : loaded 3 times (x 110B)
Class com.amazon.ion.system.IonWriterBuilderBase                                      : loaded 3 times (x 81B)
Class com.amazon.ion.impl._Private_RecyclingQueue                                     : loaded 3 times (x 78B)
Class com.amazon.ion.impl.lite.IonBoolLite                                            : loaded 3 times (x 176B)
Class org.gradle.internal.impldep.gnu.trove.TObjectHash$NULL                          : loaded 3 times (x 69B)
Class com.amazon.ion.impl.bin.BlockAllocator                                          : loaded 3 times (x 78B)
Class com.amazon.ion.impl.IonWriterSystemTextMarkup                                   : loaded 3 times (x 190B)
Class ijJvmDebugger1_amxldhla0sgtknc2p75ob1gmp                                        : loaded 3 times (x 177B)
Class com.google.common.collect.ImmutableSet                                          : loaded 3 times (x 143B)
Class com.google.common.collect.RegularImmutableMap$Values                            : loaded 3 times (x 205B)
Class com.google.common.base.CharMatcher$BitSetMatcher                                : loaded 3 times (x 110B)
Class org.jetbrains.plugins.gradle.model.GradleBuildScriptClasspathModel              : loaded 3 times (x 68B)
Class com.amazon.ion.IonStruct                                                        : loaded 3 times (x 68B)
Class com.amazon.ion.impl.bin.IonManagedBinaryWriter$SymbolState                      : loaded 3 times (x 78B)
Class com.amazon.ion.UnsupportedIonVersionException                                   : loaded 3 times (x 83B)
Class [Lcom.amazon.ion.impl.bin.IonRawBinaryWriter$StreamFlushMode;                   : loaded 3 times (x 67B)
Class org.gradle.internal.impldep.gnu.trove.PrimeFinder                               : loaded 3 times (x 69B)
Class org.gradle.internal.impldep.com.google.common.base.Preconditions                : loaded 3 times (x 69B)
Class org.jetbrains.kotlin.idea.gradleTooling.model.kapt.KaptGradleModel              : loaded 3 times (x 68B)
Class org.jetbrains.kotlin.idea.gradleTooling.KotlinDslScriptAdditionalTask           : loaded 3 times (x 68B)
Class org.jetbrains.plugins.gradle.model.ClasspathEntryModel                          : loaded 3 times (x 68B)
Class org.jetbrains.plugins.gradle.tooling.util.IntObjectMap$1                        : loaded 3 times (x 75B)
Class com.google.common.collect.ImmutableRangeSet$Builder                             : loaded 3 times (x 75B)
Class com.intellij.gradle.toolingExtension.impl.model.taskModel.GradleTaskSerialisationService: loaded 3 times (x 74B)
Class com.amazon.ion.system.SimpleCatalog                                             : loaded 3 times (x 89B)
Class com.amazon.ion.BufferConfiguration                                              : loaded 3 times (x 71B)
Class com.android.ide.gradle.model.LegacyV1AgpVersionModel                            : loaded 3 times (x 68B)
Class org.jetbrains.plugins.gradle.model.GradleSourceSetDependencyModel               : loaded 3 times (x 68B)
Class com.amazon.ion.IonString                                                        : loaded 3 times (x 68B)
Class com.intellij.gradle.toolingExtension.impl.model.utilDummyModel.DummyModel       : loaded 3 times (x 68B)
Class org.gradle.internal.impldep.gnu.trove.TObjectHashingStrategy                    : loaded 3 times (x 68B)
Class com.amazon.ion.IonTimestamp                                                     : loaded 3 times (x 68B)
Class com.amazon.ion.impl.bin.PooledBlockAllocatorProvider$PooledBlockAllocator       : loaded 3 times (x 79B)
Class org.jetbrains.plugins.gradle.model.FileCollectionDependency                     : loaded 3 times (x 68B)
Class org.jetbrains.plugins.gradle.tooling.serialization.GradleExtensionsSerializationService: loaded 3 times (x 75B)
Class com.amazon.ion.impl.lite.IonTimestampLite                                       : loaded 3 times (x 190B)
Class com.amazon.ion.impl.LocalSymbolTableAsStruct                                    : loaded 3 times (x 124B)
Class com.intellij.gradle.toolingExtension.impl.model.buildScriptClasspathModel.GradleBuildScriptClasspathSerializationService: loaded 3 times (x 75B)
Class com.amazon.ion.impl.bin.IonManagedBinaryWriter$ImportedSymbolResolverMode       : loaded 3 times (x 78B)
Class com.amazon.ion.impl.LocalSymbolTable$Factory                                    : loaded 3 times (x 75B)
Class [Lcom.google.common.collect.ImmutableEntry;                                     : loaded 3 times (x 67B)
Class com.amazon.ion.IonFloat                                                         : loaded 3 times (x 68B)
Class com.amazon.ion.impl.lite.IonListLite                                            : loaded 3 times (x 488B)
Class com.amazon.ion.impl.lite.IonSexpLite                                            : loaded 3 times (x 488B)
Class [Lcom.amazon.ion.impl.bin.IonRawBinaryWriter$PreallocationMode;                 : loaded 3 times (x 67B)
Class com.amazon.ion.util._Private_FastAppendable                                     : loaded 3 times (x 68B)
Class com.amazon.ion.impl.lite.IonIntLite                                             : loaded 3 times (x 187B)
Class com.amazon.ion.IonDatagram                                                      : loaded 3 times (x 68B)
Class com.amazon.ion.impl._Private_RecyclingStack$ElementFactory                      : loaded 3 times (x 68B)
Class com.amazon.ion.impl.bin.IonManagedBinaryWriter$ImportedSymbolResolverMode$1$1   : loaded 3 times (x 76B)
Class com.amazon.ion.impl._Private_ByteTransferSink                                   : loaded 3 times (x 68B)
Class ijKotlinCoroutineJvmDebugInit1_d5t7rhvdx4fr9ghubjyipk6vu$_run_closure1          : loaded 3 times (x 137B)
Class com.intellij.openapi.externalSystem.model.project.dependencies.ResolutionState  : loaded 3 times (x 77B)
Class com.intellij.gradle.toolingExtension.impl.model.sourceSetModel.GradleSourceSetSerialisationService: loaded 3 times (x 75B)
Class com.amazon.ion.impl.bin.IonManagedBinaryWriter$ImportedSymbolContext            : loaded 3 times (x 70B)
Class com.amazon.ion.IonSystem                                                        : loaded 3 times (x 68B)
Class com.google.common.collect.RegularImmutableList                                  : loaded 3 times (x 211B)
Class org.jetbrains.plugins.gradle.tooling.serialization.internal.adapter.Supplier    : loaded 3 times (x 68B)
Class com.amazon.ion.IonList                                                          : loaded 3 times (x 68B)
Class com.google.common.base.Function                                                 : loaded 3 times (x 68B)
Class com.google.common.collect.ImmutableMapEntry$NonTerminalImmutableMapEntry        : loaded 3 times (x 83B)
Class com.google.common.collect.ImmutableMultimap                                     : loaded 3 times (x 145B)
Class org.jetbrains.plugins.gradle.tooling.serialization.SerializationService         : loaded 3 times (x 68B)
Class com.amazon.ion.impl.LocalSymbolTable                                            : loaded 3 times (x 119B)
Class com.amazon.ion.impl.lite.IonBlobLite                                            : loaded 3 times (x 217B)
Class com.google.common.collect.ImmutableMapEntry                                     : loaded 3 times (x 83B)
Class org.jetbrains.plugins.gradle.model.ExternalLibraryDependency                    : loaded 3 times (x 68B)
Class org.jetbrains.plugins.gradle.tooling.serialization.internal.IdeaProjectSerializationService$WriteContext$8: loaded 3 times (x 81B)
Class com.amazon.ion.impl.bin.IonManagedBinaryWriter                                  : loaded 3 times (x 164B)
Class com.amazon.ion.impl.bin.WriteBuffer                                             : loaded 3 times (x 76B)
Class com.google.common.collect.RegularImmutableSortedSet                             : loaded 3 times (x 298B)
Class org.jetbrains.plugins.gradle.model.RepositoryModels                             : loaded 3 times (x 68B)
Class org.jetbrains.plugins.gradle.tooling.serialization.internal.IdeaProjectSerializationService$WriteContext$7: loaded 3 times (x 81B)
Class com.amazon.ion.impl.lite.ValueFactoryLite                                       : loaded 3 times (x 216B)
Class com.google.common.base.CharMatcher$IsNot                                        : loaded 3 times (x 109B)
Class org.jetbrains.plugins.gradle.tooling.util.IntObjectMap                          : loaded 3 times (x 71B)
Class org.jetbrains.plugins.gradle.tooling.serialization.internal.IdeaProjectSerializationService$WriteContext$6: loaded 3 times (x 81B)
Class com.amazon.ion.IonType                                                          : loaded 3 times (x 77B)
Class com.amazon.ion.impl.lite._Private_LiteDomTrampoline                             : loaded 3 times (x 69B)
Class com.amazon.ion.impl._Private_RecyclingQueue$ElementIterator                     : loaded 3 times (x 80B)
Class com.amazon.ion.impl.bin.IntList                                                 : loaded 3 times (x 75B)
Class com.google.common.collect.ImmutableSortedSet                                    : loaded 3 times (x 298B)
Class com.amazon.ion.IonValue                                                         : loaded 3 times (x 68B)
Class com.intellij.gradle.toolingExtension.impl.model.sourceSetDependencyModel.GradleSourceSetDependencySerialisationService$SourceSetDependencyModelWriteContext: loaded 3 times (x 70B)
Class com.google.common.collect.ImmutableCollection$Builder                           : loaded 3 times (x 74B)
Class com.google.common.collect.Iterators$ArrayItr                                    : loaded 3 times (x 95B)
Class com.google.common.collect.ImmutableRangeSet$AsSet                               : loaded 3 times (x 298B)
Class org.jetbrains.plugins.gradle.tooling.serialization.internal.IdeaProjectSerializationService$WriteContext$5: loaded 3 times (x 81B)
Class com.amazon.ion.BufferConfiguration$Builder                                      : loaded 3 times (x 76B)
Class com.intellij.gradle.toolingExtension.impl.model.sourceSetDependencyModel.GradleSourceSetDependencySerialisationService$Companion: loaded 3 times (x 69B)
Class org.jetbrains.plugins.gradle.tooling.serialization.internal.IdeaProjectSerializationService$WriteContext$4: loaded 3 times (x 81B)
Class org.jetbrains.kotlin.idea.gradleTooling.AndroidAwareGradleModelProvider         : loaded 3 times (x 77B)
Class org.jetbrains.plugins.gradle.tooling.serialization.internal.IdeaProjectSerializationService$WriteContext$3: loaded 3 times (x 81B)
Class org.jetbrains.plugins.gradle.tooling.serialization.AnnotationProcessingModelSerializationService$ReadContext: loaded 3 times (x 70B)
Class com.amazon.ion.impl.bin.PooledBlockAllocatorProvider                            : loaded 3 times (x 71B)
Class com.amazon.ion.IonContainer                                                     : loaded 3 times (x 68B)
Class com.amazon.ion.impl.lite.IonValueLite                                           : loaded 3 times (x 145B)
Class com.amazon.ion.impl._Private_IonSymbol                                          : loaded 3 times (x 68B)
Class com.amazon.ion.impl.bin.IonRawBinaryWriter$ContainerType                        : loaded 3 times (x 77B)
Class com.amazon.ion.impl._Private_IonTextWriterBuilder$Mutable                       : loaded 3 times (x 100B)
Class com.google.common.collect.ImmutableAsList                                       : loaded 3 times (x 207B)
Class com.google.common.collect.Iterators$9                                           : loaded 3 times (x 79B)
Class com.google.common.collect.BaseImmutableMultimap                                 : loaded 3 times (x 121B)
Class org.jetbrains.plugins.gradle.tooling.serialization.internal.IdeaProjectSerializationService$WriteContext$2: loaded 3 times (x 81B)
Class com.google.common.base.Joiner                                                   : loaded 3 times (x 78B)
Class com.amazon.ion.impl._Private_SymtabExtendsCache                                 : loaded 3 times (x 70B)
Class com.amazon.ion.impl.bin.utf8.Pool                                               : loaded 3 times (x 72B)
Class com.google.common.collect.ImmutableSet$CachingAsList                            : loaded 3 times (x 146B)
Class com.google.common.collect.Lists                                                 : loaded 3 times (x 69B)
Class org.jetbrains.plugins.gradle.model.ExternalProject                              : loaded 3 times (x 68B)
Class org.jetbrains.plugins.gradle.tooling.serialization.internal.IdeaProjectSerializationService$WriteContext$1: loaded 3 times (x 81B)
Class org.jetbrains.kotlin.idea.gradleTooling.KotlinSourceSetContainer                : loaded 3 times (x 68B)
Class org.jetbrains.plugins.gradle.model.IntelliJSettings                             : loaded 3 times (x 68B)
Class com.amazon.ion.impl.bin.IonManagedBinaryWriter$SymbolState$4                    : loaded 3 times (x 78B)
Class com.google.common.collect.Platform                                              : loaded 3 times (x 69B)
Class com.google.common.collect.ImmutableCollection                                   : loaded 3 times (x 123B)
Class com.google.common.collect.UnmodifiableIterator                                  : loaded 3 times (x 78B)
Class com.google.common.base.CharMatcher$AnyOf                                        : loaded 3 times (x 110B)
Class com.intellij.gradle.toolingExtension.impl.model.sourceSetArtifactIndex.GradleSourceSetArtifactBuildRequest: loaded 3 times (x 68B)
Class com.amazon.ion.IonBinaryWriter                                                  : loaded 3 times (x 68B)
Class com.google.common.collect.ImmutableEntry                                        : loaded 3 times (x 80B)
Class ijJvmDebugger1_amxldhla0sgtknc2p75ob1gmp$_run_closure1$_closure2                : loaded 3 times (x 138B)
Class com.android.ide.gradle.model.GradlePropertiesModel                              : loaded 3 times (x 68B)
Class com.amazon.ion.impl.bin.IonRawBinaryWriter$StreamFlushMode                      : loaded 3 times (x 77B)
Class com.amazon.ion.impl.bin.IonManagedBinaryWriter$SymbolState$3                    : loaded 3 times (x 78B)
Class com.amazon.ion.impl.bin.IonRawBinaryWriter$ContainerInfo                        : loaded 3 times (x 72B)
Class com.amazon.ion.impl.IonWriterSystem                                             : loaded 3 times (x 169B)
Class com.amazon.ion.impl.bin.Symbols$2                                               : loaded 3 times (x 105B)
Class com.amazon.ion.impl.bin._Private_IonManagedWriter                               : loaded 3 times (x 68B)
Class ijKotlinCoroutineJvmDebugInit1_d5t7rhvdx4fr9ghubjyipk6vu                        : loaded 3 times (x 177B)
Class com.google.common.collect.AbstractMapEntry                                      : loaded 3 times (x 79B)
Class com.google.common.base.CharMatcher$ForPredicate                                 : loaded 3 times (x 110B)
Class com.intellij.gradle.toolingExtension.impl.model.warmUp.GradleTaskWarmUpRequest  : loaded 3 times (x 68B)
Class com.amazon.ion.IonNull                                                          : loaded 3 times (x 68B)
Class com.amazon.ion.impl.bin.IonManagedBinaryWriter$SymbolState$2                    : loaded 3 times (x 78B)
Class org.jetbrains.plugins.gradle.model.ExternalSourceSet                            : loaded 3 times (x 68B)
Class org.jetbrains.plugins.gradle.model.ProjectImportModelProvider                   : loaded 3 times (x 68B)
Class com.google.common.collect.Iterators$5                                           : loaded 3 times (x 80B)
Class org.jetbrains.plugins.gradle.model.VersionCatalogsModel                         : loaded 3 times (x 68B)
Class com.intellij.gradle.toolingExtension.impl.model.dependencyModel.DependencyReadContext: loaded 3 times (x 70B)
Class com.intellij.gradle.toolingExtension.impl.model.sourceSetDependencyModel.GradleSourceSetDependencySerialisationService$SourceSetDependencyModelReadContext: loaded 3 times (x 70B)
Class [Lcom.amazon.ion.IonType;                                                       : loaded 3 times (x 67B)
Class com.amazon.ion.impl.LocalSymbolTableAsStruct$Factory                            : loaded 3 times (x 77B)
Class com.amazon.ion.impl.bin.IonManagedBinaryWriter$SymbolState$1                    : loaded 3 times (x 78B)
Class com.amazon.ion.impl.lite.IonContainerLite                                       : loaded 3 times (x 246B)
Class com.amazon.ion.IonBufferConfiguration$OversizedSymbolTableHandler               : loaded 3 times (x 68B)
Class com.amazon.ion.system.IonWriterBuilder                                          : loaded 3 times (x 72B)
Class org.jetbrains.plugins.gradle.tooling.serialization.ToolingStreamApiUtils        : loaded 3 times (x 69B)
Class com.google.common.collect.SortedIterable                                        : loaded 3 times (x 68B)
Class com.amazon.ion.facet.Faceted                                                    : loaded 3 times (x 68B)
Class com.google.common.collect.AbstractMultimap                                      : loaded 3 times (x 121B)
Class com.google.common.collect.Iterators$4                                           : loaded 3 times (x 80B)
Class com.google.common.collect.ImmutableList$Builder                                 : loaded 3 times (x 75B)
Class com.google.common.collect.ImmutableBiMap                                        : loaded 3 times (x 141B)
Class com.intellij.util.containers.IntObjectHashMap                                   : loaded 3 times (x 70B)
Class org.jetbrains.plugins.gradle.model.ExternalDependency                           : loaded 3 times (x 68B)
Class org.jetbrains.plugins.gradle.model.IntelliJProjectSettings                      : loaded 3 times (x 68B)
Class com.google.common.collect.SingletonImmutableSet                                 : loaded 3 times (x 144B)
Class com.google.common.collect.ImmutableMap$IteratorBasedImmutableMap                : loaded 3 times (x 124B)
Class com.amazon.ion.UnknownSymbolException                                           : loaded 3 times (x 84B)
Class com.amazon.ion.impl.bin.utf8.Poolable                                           : loaded 3 times (x 77B)
Class com.amazon.ion.IonSymbol                                                        : loaded 3 times (x 68B)
Class com.android.ide.gradle.model.composites.BuildMap                                : loaded 3 times (x 68B)
Class org.jetbrains.plugins.gradle.tooling.serialization.AnnotationProcessingModelSerializationService$WriteContext: loaded 3 times (x 70B)
Class org.gradle.internal.impldep.gnu.trove.THash                                     : loaded 3 times (x 79B)
Class com.google.common.collect.Iterators$1                                           : loaded 3 times (x 79B)
Class com.amazon.ion.impl.bin.IonRawBinaryWriter$ThrowingRunnable                     : loaded 3 times (x 68B)
Class com.amazon.ion.impl.bin.IonManagedBinaryWriter$LocalSymbolTableView             : loaded 3 times (x 105B)
Class com.google.common.collect.RegularImmutableAsList                                : loaded 3 times (x 215B)
Class com.google.common.collect.ImmutableRangeSet$1                                   : loaded 3 times (x 208B)
Class com.amazon.ion.impl._Private_RecyclingStack$Recycler                            : loaded 3 times (x 68B)
Class org.jetbrains.kotlin.idea.gradleTooling.KotlinGradleModel                       : loaded 3 times (x 68B)
Class org.jetbrains.plugins.gradle.tooling.serialization.ExternalTestsSerializationService$WriteContext: loaded 3 times (x 70B)
Class org.jetbrains.kotlin.idea.gradleTooling.KotlinGradlePluginVersion               : loaded 3 times (x 68B)
Class com.amazon.ion.impl.bin.IonManagedBinaryWriter$SymbolResolverBuilder            : loaded 3 times (x 68B)
Class com.amazon.ion.system.IonSystemBuilder$Mutable                                  : loaded 3 times (x 73B)
Class com.amazon.ion.impl.lite.IonStructLite                                          : loaded 3 times (x 296B)
Class com.amazon.ion.impl._Private_ReaderWriter                                       : loaded 3 times (x 68B)
Class com.amazon.ion.impl.bin.AbstractSymbolTable                                     : loaded 3 times (x 105B)
Class com.amazon.ion.Decimal                                                          : loaded 3 times (x 131B)
Class com.amazon.ion.impl.bin._Private_IonManagedBinaryWriterBuilder$AllocatorMode$1  : loaded 3 times (x 78B)
Class org.jetbrains.plugins.gradle.tooling.serialization.ProjectDependenciesSerializationService$WriteContext: loaded 3 times (x 70B)
Class org.jetbrains.plugins.gradle.tooling.serialization.ProjectDependenciesSerializationService: loaded 3 times (x 75B)
Class com.intellij.compose.ide.plugin.gradleTooling.rt.ComposeResourcesModel          : loaded 3 times (x 68B)
Class com.google.common.collect.ImmutableList$ReverseImmutableList                    : loaded 3 times (x 207B)
Class org.jetbrains.plugins.gradle.tooling.serialization.KotlinDslScriptsModelSerializationService: loaded 3 times (x 79B)
Class com.google.common.collect.Iterators                                             : loaded 3 times (x 69B)
Class com.google.common.collect.Range                                                 : loaded 3 times (x 85B)
Class org.jetbrains.plugins.gradle.model.ExternalProjectDependency                    : loaded 3 times (x 68B)
Class com.android.ide.gradle.model.dependencies.DeclaredDependencies                  : loaded 3 times (x 68B)
Class org.gradle.api.UncheckedIOException                                             : loaded 3 times (x 80B)
Class com.google.common.collect.SingletonImmutableList                                : loaded 3 times (x 205B)
Class [Lcom.amazon.ion.SymbolToken;                                                   : loaded 3 times (x 67B)
Class org.jetbrains.kotlin.tooling.core.KotlinToolingVersion                          : loaded 3 times (x 73B)
Class ijKotlinCoroutineJvmDebugInit1_d5t7rhvdx4fr9ghubjyipk6vu$_run_closure1$_closure2: loaded 3 times (x 137B)
Class com.google.common.collect.NullnessCasts                                         : loaded 3 times (x 69B)
Class com.amazon.ion.impl.lite.IonFloatLite                                           : loaded 3 times (x 184B)
Class com.amazon.ion.impl._Private_IonTextWriterBuilder                               : loaded 3 times (x 100B)
Class com.amazon.ion.impl.bin._Private_IonManagedBinaryWriterBuilder$AllocatorMode$2  : loaded 3 times (x 78B)
Class org.gradle.internal.impldep.gnu.trove.Equality                                  : loaded 3 times (x 68B)
Class com.intellij.gradle.toolingExtension.impl.model.projectModel.GradleExternalProjectSerializationService$WriteContext: loaded 3 times (x 71B)
Class com.amazon.ion.impl.bin._Private_IonManagedBinaryWriterBuilder                  : loaded 3 times (x 70B)
Class com.google.common.collect.Lists$StringAsImmutableList                           : loaded 3 times (x 205B)
Class com.amazon.ion.impl._Private_IonWriter                                          : loaded 3 times (x 68B)
Class org.jetbrains.plugins.gradle.tooling.serialization.internal.adapter.InternalBuildIdentifier: loaded 3 times (x 73B)
Class com.amazon.ion.impl.bin.IonManagedBinaryWriter$UserState                        : loaded 3 times (x 83B)
Class com.google.common.collect.Multimap                                              : loaded 3 times (x 68B)
Class org.jetbrains.plugins.gradle.ExternalDependencyId                               : loaded 3 times (x 68B)
Class org.jetbrains.plugins.gradle.tooling.serialization.RepositoriesModelSerializationService$ReadContext: loaded 3 times (x 70B)
Class [Lcom.amazon.ion.impl.bin.AbstractIonWriter$WriteValueOptimization;             : loaded 3 times (x 67B)
Class com.amazon.ion.impl._Private_RecyclingStack                                     : loaded 3 times (x 77B)
Class com.amazon.ion.impl._Private_IonReaderBuilder                                   : loaded 3 times (x 93B)
Class com.amazon.ion.IonMutableCatalog                                                : loaded 3 times (x 68B)
Class com.intellij.gradle.toolingExtension.impl.model.buildScriptClasspathModel.GradleBuildScriptClasspathSerializationService$WriteContext: loaded 3 times (x 70B)
Class org.jetbrains.plugins.gradle.tooling.serialization.RepositoriesModelSerializationService: loaded 3 times (x 80B)
Class com.amazon.ion.impl.bin.Symbols                                                 : loaded 3 times (x 69B)
Class com.amazon.ion.IonBufferConfiguration                                           : loaded 3 times (x 71B)
Class com.android.ide.gradle.model.artifacts.AdditionalClassifierArtifactsModel       : loaded 3 times (x 68B)
Class com.google.common.collect.ImmutableMap$Builder                                  : loaded 3 times (x 80B)
Class com.intellij.openapi.externalSystem.model.project.dependencies.ProjectDependencies: loaded 3 times (x 68B)
Class org.gradle.internal.impldep.gnu.trove.TObjectCanonicalHashingStrategy           : loaded 3 times (x 78B)
Class com.google.common.base.CharMatcher$And                                          : loaded 3 times (x 110B)
Class org.gradle.internal.impldep.gnu.trove.TObjectIdentityHashingStrategy            : loaded 3 times (x 76B)
Class org.jetbrains.plugins.gradle.tooling.serialization.ProjectDependenciesSerializationService$ReadContext: loaded 3 times (x 70B)
Class com.intellij.openapi.externalSystem.model.project.IExternalSystemSourceType     : loaded 3 times (x 68B)
Class com.amazon.ion.impl._Private_IonReaderBuilder$Mutable                           : loaded 3 times (x 93B)
Class com.google.common.collect.ImmutableMapEntrySet                                  : loaded 3 times (x 150B)
Class org.jetbrains.plugins.gradle.model.GradleTaskModel                              : loaded 3 times (x 68B)
Class org.jetbrains.plugins.gradle.tooling.util.ObjectCollector                       : loaded 3 times (x 70B)
Class com.amazon.ion.impl.bin._Private_IonManagedBinaryWriterBuilder$AllocatorMode    : loaded 3 times (x 78B)
Class com.amazon.ion.impl._Private_SymbolToken                                        : loaded 3 times (x 68B)
Class com.amazon.ion.impl.bin.IonManagedBinaryWriter$SymbolResolver                   : loaded 3 times (x 68B)
Class com.amazon.ion.impl._Private_IonReaderBuilder$TwoElementSequenceInputStream     : loaded 3 times (x 90B)
Class com.google.common.collect.AbstractIndexedListIterator                           : loaded 3 times (x 94B)
Class com.google.common.collect.ObjectArrays                                          : loaded 3 times (x 69B)
Class com.amazon.ion.impl.bin.PooledBlockAllocatorProvider$PooledBlockAllocator$1     : loaded 3 times (x 77B)
Class com.amazon.ion.impl.lite.IonStringLite                                          : loaded 3 times (x 210B)
Class com.amazon.ion.ValueFactory                                                     : loaded 3 times (x 68B)
Class [Lcom.amazon.ion.impl.bin.IonManagedBinaryWriter$ImportedSymbolResolverMode;    : loaded 3 times (x 67B)
Class com.google.common.collect.IndexedImmutableSet                                   : loaded 3 times (x 150B)
Class com.google.common.collect.ImmutableMap$1                                        : loaded 3 times (x 79B)
Class com.google.common.collect.BiMap                                                 : loaded 3 times (x 68B)
Class com.amazon.ion.impl.IonWriterSystemText                                         : loaded 3 times (x 188B)
Class com.amazon.ion.impl.lite.IonContext                                             : loaded 3 times (x 68B)
Class com.amazon.ion.impl.lite.IonLoaderLite                                          : loaded 3 times (x 80B)
Class com.amazon.ion.impl.bin.utf8.Utf8StringEncoderPool$1                            : loaded 3 times (x 74B)
Class org.jetbrains.plugins.gradle.model.ExternalTask                                 : loaded 3 times (x 68B)
Class com.intellij.openapi.externalSystem.model.ExternalSystemException               : loaded 3 times (x 84B)
Class com.google.common.collect.AbstractIterator                                      : loaded 3 times (x 80B)
Class com.amazon.ion.impl.bin.Block                                                   : loaded 3 times (x 77B)
Class org.gradle.internal.impldep.com.google.gson.internal.bind.TypeAdapters$32       : loaded 2 times (x 74B)
Class org.jetbrains.plugins.gradle.tooling.internal.DefaultRepositoryModels           : loaded 2 times (x 74B)
Class org.jetbrains.kotlin.idea.gradleTooling.reflect.ReflectionLogger                : loaded 2 times (x 68B)
Class org.jetbrains.kotlin.idea.gradleTooling.ResolveCompilerArgumentsKt              : loaded 2 times (x 69B)
Class org.jetbrains.kotlin.idea.gradleTooling.model.lombok.LombokModel                : loaded 2 times (x 68B)
Class org.gradle.internal.impldep.com.google.common.collect.Iterators$ArrayItr        : loaded 2 times (x 95B)
Class com.android.builder.model.v2.CustomSourceDirectory                              : loaded 2 times (x 68B)
Class org.jetbrains.kotlin.idea.gradleTooling.reflect.KotlinMultiplatformImportReflectionImpl: loaded 2 times (x 74B)
Class com.google.common.collect.NullsFirstOrdering                                    : loaded 2 times (x 113B)
Class com.android.ide.common.repository.AgpVersion                                    : loaded 2 times (x 73B)
Class kotlin.ResultKt                                                                 : loaded 2 times (x 69B)
Class org.gradle.tooling.internal.adapter.ProtocolToModelAdapter$PropertyCachingMethodInvoker: loaded 2 times (x 74B)
Class com.google.common.collect.FluentIterable$2                                      : loaded 2 times (x 79B)
Class com.google.common.base.Absent                                                   : loaded 2 times (x 78B)
Class com.google.common.reflect.Reflection                                            : loaded 2 times (x 69B)
Class com.google.common.primitives.Ints                                               : loaded 2 times (x 69B)
Class org.gradle.internal.impldep.com.google.gson.internal.bind.TypeAdapters$EnumTypeAdapter: loaded 2 times (x 72B)
Class org.gradle.internal.impldep.com.google.gson.internal.bind.TypeAdapters$33       : loaded 2 times (x 74B)
Class org.jetbrains.kotlin.idea.gradleTooling.reflect.ReflectionReceiver$Instance     : loaded 2 times (x 75B)
Class org.gradle.api.internal.classpath.DefaultModuleRegistry$DefaultModule           : loaded 2 times (x 84B)
Class org.objectweb.asm.FieldVisitor                                                  : loaded 2 times (x 75B)
Class com.google.common.base.Objects                                                  : loaded 2 times (x 69B)
Class com.google.common.collect.FluentIterable$1                                      : loaded 2 times (x 79B)
Class org.gradle.tooling.internal.adapter.ProtocolToModelAdapter$ViewKey              : loaded 2 times (x 70B)
Class com.intellij.gradle.toolingExtension.impl.model.projectModel.GradleExternalProjectModelBuilder: loaded 2 times (x 84B)
Class org.jetbrains.kotlin.idea.gradleTooling.KotlinMPPGradleModelBuilder$Companion   : loaded 2 times (x 69B)
Class org.jetbrains.kotlin.idea.gradleTooling.MultiplatformModelImportingChecker      : loaded 2 times (x 68B)
Class org.gradle.internal.impldep.com.google.gson.internal.bind.TypeAdapters$31       : loaded 2 times (x 74B)
Class org.gradle.internal.impldep.com.google.gson.Gson$5                              : loaded 2 times (x 74B)
Class com.android.builder.model.v2.models.ProjectSyncIssues                           : loaded 2 times (x 68B)
Class kotlin.Result$Failure                                                           : loaded 2 times (x 70B)
Class kotlin.collections.ArraysKt__ArraysKt                                           : loaded 2 times (x 69B)
Class org.gradle.internal.time.DefaultCountdownTimer                                  : loaded 2 times (x 86B)
Class com.google.common.collect.FluentIterable$3                                      : loaded 2 times (x 79B)
Class com.google.common.collect.Multiset                                              : loaded 2 times (x 68B)
Class com.google.common.collect.ArrayListMultimapGwtSerializationDependencies         : loaded 2 times (x 170B)
Class com.google.common.math.MathPreconditions                                        : loaded 2 times (x 69B)
Class org.gradle.internal.impldep.com.google.gson.internal.bind.TypeAdapters$34       : loaded 2 times (x 74B)
Class org.jetbrains.kotlin.idea.gradleTooling.reflect.KotlinAndroidSourceSetInfoReflection: loaded 2 times (x 68B)
Class org.gradle.internal.classloader.ClasspathUtil$1                                 : loaded 2 times (x 74B)
Class com.google.common.cache.CacheLoader$UnsupportedLoadingOperationException        : loaded 2 times (x 80B)
Class com.intellij.gradle.toolingExtension.impl.model.sourceSetArtifactIndex.GradleSourceSetArtifactModel: loaded 2 times (x 74B)
Class org.objectweb.asm.ClassWriter                                                   : loaded 2 times (x 104B)
Class com.google.common.collect.AbstractMapBasedMultimap$KeySet$1                     : loaded 2 times (x 80B)
Class [Lnet.rubygrapefruit.platform.internal.FunctionResult$Failure;                  : loaded 2 times (x 67B)
Class org.gradle.internal.time.DefaultTimer                                           : loaded 2 times (x 78B)
Class kotlin.collections.SetsKt__SetsJVMKt                                            : loaded 2 times (x 69B)
Class org.gradle.tooling.internal.adapter.ProtocolToModelAdapter$AdaptingMethodInvoker: loaded 2 times (x 74B)
Class org.gradle.tooling.internal.gradle.DefaultBuildIdentifier                       : loaded 2 times (x 77B)
Class kotlin.Function                                                                 : loaded 2 times (x 68B)
Class org.apache.commons.io.output.NullOutputStream                                   : loaded 2 times (x 83B)
Class org.gradle.api.internal.classpath.Module                                        : loaded 2 times (x 68B)
Class org.jetbrains.kotlin.idea.gradleTooling.KotlinGradleModelImpl                   : loaded 2 times (x 82B)
Class kotlin.collections.EmptyList                                                    : loaded 2 times (x 172B)
Class kotlin.collections.MapsKt__MapsJVMKt                                            : loaded 2 times (x 69B)
Class com.intellij.gradle.toolingExtension.impl.util.GradleObjectUtil                 : loaded 2 times (x 69B)
Class com.intellij.openapi.externalSystem.model.project.dependencies.ArtifactDependencyNodeImpl: loaded 2 times (x 93B)
Class kotlin.io.FileAlreadyExistsException                                            : loaded 2 times (x 80B)
Class kotlin.internal.ProgressionUtilKt                                               : loaded 2 times (x 69B)
Class com.google.common.cache.Weigher                                                 : loaded 2 times (x 68B)
Class org.gradle.api.internal.classpath.UnknownModuleException                        : loaded 2 times (x 80B)
Class com.android.builder.model.v2.ide.AndroidGradlePluginProjectFlags$BooleanFlag    : loaded 2 times (x 77B)
Class com.android.ide.common.gradle.Separator                                         : loaded 2 times (x 77B)
Class org.gradle.internal.impldep.com.google.gson.Gson$4                              : loaded 2 times (x 74B)
Class org.jetbrains.plugins.gradle.tooling.builder.IntelliJSettingsBuilder            : loaded 2 times (x 76B)
Class org.gradle.internal.impldep.com.google.common.collect.PeekingIterator           : loaded 2 times (x 68B)
Class org.apache.commons.io.Charsets                                                  : loaded 2 times (x 69B)
Class com.google.common.base.Stopwatch                                                : loaded 2 times (x 70B)
Class com.google.common.cache.LocalCache$Strength                                     : loaded 2 times (x 79B)
Class com.google.common.cache.Cache                                                   : loaded 2 times (x 68B)
Class org.jetbrains.plugins.gradle.model.DefaultDependencyAccessorsModel              : loaded 2 times (x 74B)
Class org.apache.commons.io.filefilter.IOFileFilter                                   : loaded 2 times (x 68B)
Class com.google.common.io.Files$2                                                    : loaded 2 times (x 74B)
Class com.google.common.base.NullnessCasts                                            : loaded 2 times (x 69B)
Class com.google.common.util.concurrent.AbstractFuture$Cancellation                   : loaded 2 times (x 70B)
Class org.gradle.internal.InternalTransformer                                         : loaded 2 times (x 68B)
Class org.gradle.internal.impldep.com.google.gson.internal.bind.JsonAdapterAnnotationTypeAdapterFactory: loaded 2 times (x 73B)
Class org.gradle.internal.impldep.com.google.gson.internal.bind.ObjectTypeAdapter$1   : loaded 2 times (x 74B)
Class org.gradle.internal.impldep.com.google.gson.internal.sql.SqlTimeTypeAdapter     : loaded 2 times (x 72B)
Class net.rubygrapefruit.platform.NativeIntegration                                   : loaded 2 times (x 68B)
Class net.rubygrapefruit.platform.Native                                              : loaded 2 times (x 69B)
Class org.gradle.tooling.internal.adapter.ProtocolToModelAdapter                      : loaded 2 times (x 78B)
Class org.gradle.tooling.internal.gradle.GradleProjectIdentity                        : loaded 2 times (x 68B)
Class com.google.common.collect.AbstractMapBasedMultimap$WrappedCollection$WrappedIterator: loaded 2 times (x 82B)
Class com.google.common.collect.Maps$EntryFunction$1                                  : loaded 2 times (x 89B)
Class com.google.common.base.Present                                                  : loaded 2 times (x 79B)
Class net.rubygrapefruit.platform.internal.FunctionResult                             : loaded 2 times (x 75B)
Class com.google.common.cache.RemovalListener                                         : loaded 2 times (x 68B)
Class org.gradle.api.internal.DefaultClassPathRegistry                                : loaded 2 times (x 74B)
Class [Lorg.gradle.internal.impldep.com.google.gson.FieldNamingPolicy;                : loaded 2 times (x 67B)
Class org.gradle.internal.impldep.com.google.gson.Gson$3                              : loaded 2 times (x 73B)
Class org.jetbrains.kotlin.idea.gradleTooling.reflect.ReflectionReceiver$Static       : loaded 2 times (x 75B)
Class com.intellij.gradle.toolingExtension.impl.model.dependencyDownloadPolicyModel.GradleDependencyDownloadPolicyBuilder: loaded 2 times (x 84B)
Class com.google.common.util.concurrent.UncheckedExecutionException                   : loaded 2 times (x 80B)
Class kotlin.ranges.ClosedRange                                                       : loaded 2 times (x 68B)
Class com.android.builder.model.v2.ide.JavaArtifact                                   : loaded 2 times (x 68B)
Class org.apache.commons.io.file.DeleteOption                                         : loaded 2 times (x 68B)
Class com.google.common.collect.ImmutableMultimap$Keys                                : loaded 2 times (x 164B)
Class com.google.common.collect.Maps$EntryFunction$2                                  : loaded 2 times (x 89B)
Class net.rubygrapefruit.platform.NativeIntegrationLinkageException                   : loaded 2 times (x 80B)
Class com.google.common.reflect.Invokable$ConstructorInvokable                        : loaded 2 times (x 105B)
Class com.google.common.primitives.IntsMethodsForWeb                                  : loaded 2 times (x 69B)
Class org.gradle.api.internal.ClassPathRegistry                                       : loaded 2 times (x 68B)
Class org.gradle.internal.classpath.DefaultClassPath$ImmutableUniqueList              : loaded 2 times (x 197B)
Class com.intellij.gradle.toolingExtension.impl.model.dependencyModel.auxiliary.AuxiliaryArtifactResolver: loaded 2 times (x 68B)
Class net.rubygrapefruit.platform.internal.Platform$Linux32Bit                        : loaded 2 times (x 81B)
Class com.google.common.io.ByteSink$AsCharSink                                        : loaded 2 times (x 78B)
Class com.google.common.collect.ExplicitOrdering                                      : loaded 2 times (x 113B)
Class com.android.builder.model.v2.ide.LibraryType                                    : loaded 2 times (x 77B)
Class [Lcom.android.builder.model.v2.ide.LibraryType;                                 : loaded 2 times (x 67B)
Class org.jetbrains.plugins.gradle.tooling.builder.EarModelBuilderImplKt              : loaded 2 times (x 69B)
Class org.jetbrains.plugins.gradle.tooling.builder.MavenRepositoriesModelBuilder      : loaded 2 times (x 79B)
Class kotlin.text.StringsKt__StringsJVMKt                                             : loaded 2 times (x 69B)
Class kotlin.collections.IntIterator                                                  : loaded 2 times (x 80B)
Class org.gradle.internal.impldep.com.google.gson.Gson$2                              : loaded 2 times (x 74B)
Class org.apache.commons.io.IOUtils                                                   : loaded 2 times (x 69B)
Class com.google.common.reflect.TypeToken                                             : loaded 2 times (x 71B)
Class com.google.common.base.ExtraObjectsMethodsForWeb                                : loaded 2 times (x 69B)
Class org.jetbrains.kotlin.idea.gradleTooling.reflect.ParameterList$Companion         : loaded 2 times (x 69B)
Class com.intellij.gradle.toolingExtension.impl.initScript.util.GradleJvmForkedDebuggerHelper: loaded 2 times (x 69B)
Class org.jetbrains.kotlin.idea.gradleTooling.PrepareKotlinIdeaImportTaskModelBuilder$Companion: loaded 2 times (x 69B)
Class org.jetbrains.plugins.gradle.tooling.ModelBuilderService                        : loaded 2 times (x 68B)
Class kotlin.text.StringsKt__IndentKt                                                 : loaded 2 times (x 69B)
Class com.android.builder.model.v2.dsl.SigningConfig                                  : loaded 2 times (x 68B)
Class com.google.common.util.concurrent.AbstractFuture$Trusted                        : loaded 2 times (x 68B)
Class com.android.builder.model.v2.models.AndroidProject                              : loaded 2 times (x 68B)
Class com.android.builder.model.v2.AndroidModel                                       : loaded 2 times (x 68B)
Class kotlin.collections.SetsKt                                                       : loaded 2 times (x 69B)
Class com.google.common.base.Optional                                                 : loaded 2 times (x 78B)
Class org.gradle.tooling.internal.adapter.CollectionMapper                            : loaded 2 times (x 71B)
Class com.google.common.io.ByteSink                                                   : loaded 2 times (x 74B)
Class net.rubygrapefruit.platform.internal.jni.NativeLibraryFunctions                 : loaded 2 times (x 69B)
Class com.google.common.cache.CacheBuilder                                            : loaded 2 times (x 70B)
Class Settings_gradle$1                                                               : loaded 2 times (x 73B)
Class org.gradle.internal.classpath.ClassPath                                         : loaded 2 times (x 68B)
Class ijKotlinCoroutineJvmDebugInit1_d5t7rhvdx4fr9ghubjyipk6vu$_run_closure1$_closure3: loaded 2 times (x 137B)
Class org.gradle.tooling.model.kotlin.dsl.KotlinDslScriptModel                        : loaded 2 times (x 68B)
Class org.jetbrains.kotlin.idea.gradleTooling.reflect.KotlinSourceSetReflection       : loaded 2 times (x 68B)
Class com.intellij.gradle.toolingExtension.impl.javaModel.manifestModel.DefaultJavaGradleManifestModel: loaded 2 times (x 74B)
Class com.intellij.openapi.externalSystem.model.project.ExternalSystemSourceType      : loaded 2 times (x 83B)
Class kotlin.text.CharsKt                                                             : loaded 2 times (x 69B)
Class org.jetbrains.kotlin.idea.gradleTooling.model.kapt.KaptModelBuilderService      : loaded 2 times (x 84B)
Class com.intellij.gradle.toolingExtension.impl.model.sourceSetArtifactIndex.GradleSourceSetArtifactIndexBuilder: loaded 2 times (x 84B)
Class org.jetbrains.plugins.gradle.tooling.builder.ProjectExtensionsDataBuilderImpl   : loaded 2 times (x 76B)
Class kotlin.reflect.KFunction                                                        : loaded 2 times (x 68B)
Class kotlin.collections.ArrayDeque                                                   : loaded 2 times (x 205B)
Class com.google.common.io.Files$FileByteSource                                       : loaded 2 times (x 83B)
Class [Lcom.google.common.reflect.Types$JavaVersion;                                  : loaded 2 times (x 67B)
Class com.google.common.base.JdkPattern                                               : loaded 2 times (x 73B)
Class org.gradle.internal.impldep.com.google.gson.internal.bind.TypeAdapters$34$1     : loaded 2 times (x 72B)
Class org.gradle.internal.impldep.com.google.gson.GsonBuilder                         : loaded 2 times (x 70B)
Class org.gradle.internal.impldep.com.google.gson.Gson$1                              : loaded 2 times (x 74B)
Class [Lorg.gradle.internal.impldep.com.google.gson.ToNumberPolicy;                   : loaded 2 times (x 67B)
Class com.intellij.gradle.toolingExtension.impl.util.collectionUtil.GradleCollections : loaded 2 times (x 69B)
Class com.google.common.util.concurrent.AbstractFuture$UnsafeAtomicHelper$1           : loaded 2 times (x 74B)
Class com.android.builder.model.v2.ide.UnresolvedDependency                           : loaded 2 times (x 68B)
Class kotlin.collections.MapsKt__MapsKt                                               : loaded 2 times (x 69B)
Class net.rubygrapefruit.platform.internal.Platform$Windows                           : loaded 2 times (x 77B)
Class org.objectweb.asm.SymbolTable$Entry                                             : loaded 2 times (x 72B)
Class com.google.common.util.concurrent.AbstractFuture$AtomicHelper                   : loaded 2 times (x 76B)
Class com.intellij.gradle.toolingExtension.impl.initScript.util.GradleJvmForkedDebuggerHelper$getTasksToDebug: loaded 2 times (x 144B)
Class com.intellij.gradle.toolingExtension.impl.util.collectionUtil.GradleCollectionUtil: loaded 2 times (x 69B)
Class org.jetbrains.plugins.gradle.DefaultExternalDependencyId                        : loaded 2 times (x 78B)
Class org.jetbrains.kotlin.idea.gradleTooling.reflect.KotlinLanguageSettingsReflection: loaded 2 times (x 68B)
Class kotlin.reflect.KCallable                                                        : loaded 2 times (x 68B)
Class com.android.builder.model.v2.ide.CodeShrinker                                   : loaded 2 times (x 77B)
Class kotlin.io.FilesKt__FilePathComponentsKt                                         : loaded 2 times (x 69B)
Class org.jetbrains.kotlin.idea.gradleTooling.model.noarg.NoArgModelBuilderService    : loaded 2 times (x 83B)
Class org.gradle.internal.impldep.com.google.common.collect.UnmodifiableListIterator  : loaded 2 times (x 93B)
Class com.android.builder.model.v2.ide.Variant                                        : loaded 2 times (x 68B)
Class kotlin.io.TerminateException                                                    : loaded 2 times (x 80B)
Class org.gradle.tooling.model.Model                                                  : loaded 2 times (x 68B)
Class org.objectweb.asm.Edge                                                          : loaded 2 times (x 70B)
Class com.google.common.base.Suppliers$SupplierOfInstance                             : loaded 2 times (x 77B)
Class com.intellij.gradle.toolingExtension.impl.util.javaPluginUtil.JavaPluginAccessor: loaded 2 times (x 68B)
Class org.gradle.internal.impldep.com.google.gson.internal.ReflectionAccessFilterHelper: loaded 2 times (x 69B)
Class org.jetbrains.kotlin.idea.gradleTooling.reflect.KotlinExtensionReflection       : loaded 2 times (x 70B)
Class org.jetbrains.kotlin.idea.gradleTooling.reflect.KotlinExtensionReflection$Companion: loaded 2 times (x 69B)
Class com.google.common.cache.LocalCache$2                                            : loaded 2 times (x 140B)
Class kotlin.text.MatchResult$Destructured                                            : loaded 2 times (x 70B)
Class kotlin.Metadata                                                                 : loaded 2 times (x 68B)
Class kotlin.UninitializedPropertyAccessException                                     : loaded 2 times (x 80B)
Class com.google.common.reflect.TypeToken$1                                           : loaded 2 times (x 108B)
Class com.google.common.cache.LocalCache$ComputingValueReference                      : loaded 2 times (x 94B)
Class com.android.ide.gradle.model.impl.GradlePropertiesModelImpl                     : loaded 2 times (x 76B)
Class org.gradle.internal.impldep.com.google.gson.internal.bind.TypeAdapters$EnumTypeAdapter$1: loaded 2 times (x 75B)
Class org.gradle.internal.impldep.com.google.gson.internal.$Gson$Types                : loaded 2 times (x 69B)
Class org.gradle.internal.impldep.com.google.common.collect.Multimap                  : loaded 2 times (x 68B)
Class com.intellij.gradle.toolingExtension.impl.model.dependencyDownloadPolicyModel.GradleDependencyDownloadPolicyCache: loaded 2 times (x 73B)
Class org.jetbrains.plugins.gradle.tooling.MessageReporter                            : loaded 2 times (x 68B)
Class org.jetbrains.kotlin.idea.gradleTooling.model.annotation.AnnotationBasedPluginModel: loaded 2 times (x 68B)
Class com.google.common.collect.Sets$ImprovedAbstractSet                              : loaded 2 times (x 133B)
Class com.intellij.compose.ide.plugin.gradleTooling.rt.ComposeResourcesModelBuilder   : loaded 2 times (x 76B)
Class org.jetbrains.kotlin.idea.gradleTooling.model.assignment.AssignmentModelBuilderService: loaded 2 times (x 83B)
Class com.android.builder.model.v2.ide.Library                                        : loaded 2 times (x 68B)
Class com.android.builder.model.v2.ide.ArtifactDependenciesAdjacencyList              : loaded 2 times (x 68B)
Class com.android.builder.model.v2.models.Versions                                    : loaded 2 times (x 68B)
Class org.gradle.tooling.internal.adapter.ProtocolToModelAdapter$MethodInvocationCache: loaded 2 times (x 71B)
Class com.google.common.reflect.TypeToken$2                                           : loaded 2 times (x 108B)
Class com.google.common.cache.LocalCache$Segment                                      : loaded 2 times (x 152B)
Class com.android.ide.gradle.model.builder.LegacyAndroidGradlePluginPropertiesModelBuilder: loaded 2 times (x 78B)
Class org.gradle.internal.impldep.com.google.gson.internal.bind.ReflectiveTypeAdapterFactory$BoundField: loaded 2 times (x 73B)
Class com.google.common.reflect.TypeToken$SimpleTypeToken                             : loaded 2 times (x 71B)
Class com.google.common.io.ByteSource$ByteArrayByteSource                             : loaded 2 times (x 83B)
Class org.jetbrains.plugins.gradle.tooling.builder.VersionCatalogsModelBuilder        : loaded 2 times (x 84B)
Class com.intellij.openapi.externalSystem.model.project.dependencies.AbstractDependencyNode: loaded 2 times (x 85B)
Class com.intellij.gradle.toolingExtension.impl.model.utilDummyModel.DummyModelBuilder: loaded 2 times (x 84B)
Class kotlin.collections.CollectionsKt__MutableCollectionsKt                          : loaded 2 times (x 69B)
Class com.android.builder.model.v2.ide.BytecodeTransformation                         : loaded 2 times (x 77B)
Class com.intellij.gradle.toolingExtension.impl.util.javaPluginUtil.JavaPluginUtil    : loaded 2 times (x 69B)
Class com.android.builder.model.v2.models.ndk.NativeModule                            : loaded 2 times (x 68B)
Class [Lcom.google.common.base.Supplier;                                              : loaded 2 times (x 67B)
Class net.rubygrapefruit.platform.internal.LibraryDef                                 : loaded 2 times (x 70B)
Class com.google.common.collect.AbstractListMultimap                                  : loaded 2 times (x 170B)
Class [Lorg.objectweb.asm.SymbolTable$Entry;                                          : loaded 2 times (x 67B)
Class com.google.common.cache.CacheLoader                                             : loaded 2 times (x 72B)
Class org.gradle.internal.installation.GradleInstallation$1                           : loaded 2 times (x 73B)
Class org.gradle.api.internal.classpath.ModuleRegistry                                : loaded 2 times (x 68B)
Class org.gradle.internal.impldep.com.google.gson.annotations.SerializedName          : loaded 2 times (x 68B)
Class org.gradle.internal.impldep.com.google.gson.Gson$FutureTypeAdapter              : loaded 2 times (x 74B)
Class org.jetbrains.plugins.gradle.tooling.MessageBuilder                             : loaded 2 times (x 68B)
Class org.gradle.internal.impldep.com.google.gson.stream.MalformedJsonException       : loaded 2 times (x 80B)
Class org.gradle.internal.impldep.com.google.gson.internal.sql.SqlDateTypeAdapter     : loaded 2 times (x 72B)
Class org.gradle.internal.impldep.com.google.gson.internal.ObjectConstructor          : loaded 2 times (x 68B)
Class com.intellij.compose.ide.plugin.gradleTooling.rt.ComposeResourcesExtension      : loaded 2 times (x 70B)
Class com.google.common.cache.LocalCache$1                                            : loaded 2 times (x 87B)
Class com.google.common.collect.SingletonImmutableBiMap                               : loaded 2 times (x 141B)
Class com.android.builder.model.v2.ide.PrivacySandboxSdkInfo                          : loaded 2 times (x 68B)
Class com.google.common.base.Ascii                                                    : loaded 2 times (x 69B)
Class com.android.ide.common.repository.AgpVersion$PreviewKind$Companion              : loaded 2 times (x 69B)
Class org.gradle.tooling.internal.adapter.ObjectGraphAdapter                          : loaded 2 times (x 68B)
Class org.apache.commons.io.output.NullWriter                                         : loaded 2 times (x 97B)
Class com.google.common.base.Splitter$SplittingIterator                               : loaded 2 times (x 82B)
Class com.google.common.util.concurrent.internal.InternalFutureFailureAccess          : loaded 2 times (x 70B)
Class com.google.common.collect.ImmutableSet$JdkBackedSetBuilderImpl                  : loaded 2 times (x 74B)
Class org.gradle.internal.impldep.com.google.gson.internal.reflect.ReflectionHelper$RecordSupportedHelper: loaded 2 times (x 76B)
Class org.apache.commons.io.FileExistsException                                       : loaded 2 times (x 80B)
Class org.gradle.tooling.model.UnsupportedMethodException                             : loaded 2 times (x 80B)
Class org.gradle.tooling.internal.adapter.ProtocolToModelAdapter$SupportedPropertyInvoker: loaded 2 times (x 74B)
Class kotlin.Pair                                                                     : loaded 2 times (x 70B)
Class kotlin.sequences.TransformingSequence$iterator$1                                : loaded 2 times (x 77B)
Class com.google.common.collect.Iterators$SingletonIterator                           : loaded 2 times (x 79B)
Class com.android.builder.model.v2.ide.Installation                                   : loaded 2 times (x 68B)
Class com.google.common.collect.ImmutableSortedAsList                                 : loaded 2 times (x 219B)
Class kotlin.text.RegexKt                                                             : loaded 2 times (x 69B)
Class kotlin.coroutines.intrinsics.IntrinsicsKt__IntrinsicsKt                         : loaded 2 times (x 69B)
Class com.google.common.collect.ImmutableMultimap$Values                              : loaded 2 times (x 124B)
Class com.google.common.collect.Iterators$6                                           : loaded 2 times (x 79B)
Class com.google.common.util.concurrent.AbstractFuture$UnsafeAtomicHelper             : loaded 2 times (x 76B)
Class com.google.common.cache.LocalCache$LocalManualCache$1                           : loaded 2 times (x 73B)
Class org.gradle.internal.impldep.com.google.common.collect.Iterators                 : loaded 2 times (x 69B)
Class org.jetbrains.kotlin.tooling.core.InternerImpl$Store$Strong                     : loaded 2 times (x 74B)
Class org.jetbrains.kotlin.idea.gradleTooling.reflect.KotlinCompilerArgumentsResolverReflection: loaded 2 times (x 68B)
Class org.jetbrains.plugins.gradle.tooling.serialization.ExternalTestsSerializationService$1: loaded 2 times (x 74B)
Class org.gradle.internal.service.ServiceLocator                                      : loaded 2 times (x 68B)
Class [Lorg.objectweb.asm.Type;                                                       : loaded 2 times (x 67B)
Class kotlin.Result                                                                   : loaded 2 times (x 70B)
Class com.android.builder.model.v2.models.ModelBuilderParameter                       : loaded 2 times (x 68B)
Class kotlin.io.FilesKt__UtilsKt                                                      : loaded 2 times (x 69B)
Class com.google.common.collect.Lists$TransformingRandomAccessList                    : loaded 2 times (x 197B)
Class com.android.builder.model.v2.ide.TestInfo$Execution                             : loaded 2 times (x 77B)
Class kotlin.collections.CollectionsKt__CollectionsJVMKt                              : loaded 2 times (x 69B)
Class net.rubygrapefruit.platform.internal.Platform$Window32Bit                       : loaded 2 times (x 77B)
Class org.gradle.api.internal.classpath.DefaultModuleRegistry                         : loaded 2 times (x 84B)
Class com.android.ide.gradle.model.dependencies.CoordinatesImpl                       : loaded 2 times (x 75B)
Class com.android.ide.gradle.model.dependencies.DeclaredDependenciesModelBuilder$Companion: loaded 2 times (x 69B)
Class org.jetbrains.plugins.gradle.model.DefaultExternalLibraryDependency             : loaded 2 times (x 109B)
Class org.gradle.internal.impldep.com.google.common.collect.AbstractIterator          : loaded 2 times (x 80B)
Class org.gradle.internal.impldep.com.google.gson.internal.bind.ArrayTypeAdapter      : loaded 2 times (x 72B)
Class com.google.common.base.MoreObjects                                              : loaded 2 times (x 69B)
Class com.google.common.reflect.TypeResolver$TypeVariableKey                          : loaded 2 times (x 70B)
Class com.google.common.collect.EmptyImmutableListMultimap                            : loaded 2 times (x 174B)
Class kotlin.sequences.SequencesKt                                                    : loaded 2 times (x 69B)
Class kotlin.collections.CollectionsKt__IteratorsKt                                   : loaded 2 times (x 69B)
Class com.google.common.util.concurrent.ListenableFuture                              : loaded 2 times (x 68B)
Class com.google.common.cache.ReferenceEntry                                          : loaded 2 times (x 68B)
Class com.google.common.base.Converter                                                : loaded 2 times (x 88B)
Class com.android.ide.gradle.model.builder.AndroidStudioToolingPlugin                 : loaded 2 times (x 73B)
Class org.gradle.internal.impldep.com.google.gson.internal.bind.MapTypeAdapterFactory : loaded 2 times (x 73B)
Class org.gradle.internal.impldep.com.google.gson.JsonArray                           : loaded 2 times (x 98B)
Class org.gradle.internal.impldep.com.google.gson.internal.bind.JsonTreeWriter        : loaded 2 times (x 96B)
Class org.gradle.internal.impldep.com.google.gson.TypeAdapter                         : loaded 2 times (x 71B)
Class org.apache.commons.io.output.ByteArrayOutputStream                              : loaded 2 times (x 100B)
Class kotlin.collections.CollectionsKt__IteratorsJVMKt                                : loaded 2 times (x 69B)
Class kotlin.comparisons.ComparisonsKt___ComparisonsJvmKt                             : loaded 2 times (x 69B)
Class org.jetbrains.kotlin.idea.gradleTooling.model.annotation.AnnotationBasedPluginModelBuilderService: loaded 2 times (x 83B)
Class com.intellij.gradle.toolingExtension.impl.model.taskModel.GradleTaskModelBuilder: loaded 2 times (x 84B)
Class [Lcom.android.builder.model.v2.ide.CodeShrinker;                                : loaded 2 times (x 67B)
Class kotlin.text.StringsKt                                                           : loaded 2 times (x 69B)
Class com.intellij.gradle.toolingExtension.impl.model.sourceSetModel.GradleSourceSetModelBuilder: loaded 2 times (x 84B)
Class org.jetbrains.kotlin.idea.gradleTooling.model.samWithReceiver.SamWithReceiverModelBuilderService: loaded 2 times (x 83B)
Class com.google.common.collect.AbstractMapBasedMultimap                              : loaded 2 times (x 137B)
Class com.google.common.util.concurrent.AbstractFuture                                : loaded 2 times (x 104B)
Class com.google.common.base.FunctionalEquivalence                                    : loaded 2 times (x 81B)
Class org.jetbrains.kotlin.idea.gradleTooling.ModelBuilderUtilsKt                     : loaded 2 times (x 69B)
Class org.gradle.internal.impldep.com.google.gson.internal.bind.CollectionTypeAdapterFactory: loaded 2 times (x 73B)
Class com.google.common.cache.CacheLoader$FunctionToCacheLoader                       : loaded 2 times (x 73B)
Class com.google.common.reflect.Types$ParameterizedTypeImpl                           : loaded 2 times (x 79B)
Class com.google.common.collect.Maps$IteratorBasedAbstractMap$1                       : loaded 2 times (x 136B)
Class com.google.common.collect.ImmutableListMultimap                                 : loaded 2 times (x 174B)
Class kotlin.coroutines.jvm.internal.RestrictedContinuationImpl                       : loaded 2 times (x 85B)
Class org.gradle.util.internal.DefaultGradleVersion$Stage                             : loaded 2 times (x 73B)
Class com.google.common.collect.ImmutableMultiset                                     : loaded 2 times (x 161B)
Class com.google.common.reflect.TypeResolver$TypeTable                                : loaded 2 times (x 71B)
Class org.objectweb.asm.RecordComponentVisitor                                        : loaded 2 times (x 75B)
Class com.google.common.cache.CacheLoader$SupplierToCacheLoader                       : loaded 2 times (x 73B)
Class org.jetbrains.plugins.gradle.model.DefaultGradleProperty                        : loaded 2 times (x 76B)
Class org.jetbrains.kotlin.idea.gradleTooling.GetAdditionalVisibleSourceSetsKt        : loaded 2 times (x 69B)
Class org.gradle.internal.impldep.com.google.gson.internal.bind.DateTypeAdapter       : loaded 2 times (x 72B)
Class [Lorg.gradle.internal.impldep.com.google.gson.ToNumberStrategy;                 : loaded 2 times (x 67B)
Class org.gradle.internal.impldep.com.google.gson.Gson                                : loaded 2 times (x 70B)
Class org.apache.commons.io.output.UnsynchronizedByteArrayOutputStream                : loaded 2 times (x 100B)
Class kotlin.enums.EnumEntriesList                                                    : loaded 2 times (x 221B)
Class kotlin.jvm.internal.FunctionBase                                                : loaded 2 times (x 68B)
Class [Lkotlin.Pair;                                                                  : loaded 2 times (x 67B)
Class kotlin.text.StringsKt__StringNumberConversionsKt                                : loaded 2 times (x 69B)
Class kotlin.io.FilesKt__FileReadWriteKt                                              : loaded 2 times (x 69B)
Class com.google.common.collect.UsingToStringOrdering                                 : loaded 2 times (x 112B)
Class kotlin.text.MatchNamedGroupCollection                                           : loaded 2 times (x 68B)
Class kotlin.jvm.internal.markers.KMutableList                                        : loaded 2 times (x 68B)
Class org.gradle.internal.time.MonotonicClock                                         : loaded 2 times (x 75B)
Class com.google.common.reflect.TypeResolver$TypeTable$1                              : loaded 2 times (x 71B)
Class com.google.common.collect.Maps$EntryTransformer                                 : loaded 2 times (x 68B)
Class org.gradle.internal.service.ServiceLookupException                              : loaded 2 times (x 80B)
Class org.gradle.internal.impldep.com.google.common.base.ExtraObjectsMethodsForWeb    : loaded 2 times (x 69B)
Class [Lorg.jetbrains.kotlin.tooling.core.KotlinToolingVersion$Maturity;              : loaded 2 times (x 67B)
Class org.gradle.internal.impldep.com.google.gson.internal.bind.NumberTypeAdapter     : loaded 2 times (x 72B)
Class org.gradle.internal.impldep.com.google.gson.internal.LazilyParsedNumber         : loaded 2 times (x 76B)
Class [Lkotlin.coroutines.intrinsics.CoroutineSingletons;                             : loaded 2 times (x 67B)
Class kotlin.jvm.internal.FunctionReference                                           : loaded 2 times (x 120B)
Class org.gradle.internal.impldep.com.google.common.collect.Iterators$9               : loaded 2 times (x 79B)
Class org.jetbrains.plugins.gradle.tooling.builder.ProjectExtensionsDataBuilderImpl$Companion: loaded 2 times (x 69B)
Class kotlin.sequences.SequencesKt___SequencesKt$sortedWith$1                         : loaded 2 times (x 73B)
Class com.google.common.collect.Lists$ReverseList                                     : loaded 2 times (x 198B)
Class org.jetbrains.kotlin.idea.gradleTooling.KotlinTaskPropertiesImpl                : loaded 2 times (x 76B)
Class [Lcom.google.common.cache.LocalCache$EntryFactory;                              : loaded 2 times (x 67B)
Class org.gradle.internal.classloader.ClassLoaderFactory                              : loaded 2 times (x 68B)
Class com.android.ide.gradle.model.builder.LegacyAndroidGradlePluginPropertiesModelBuilder$PluginType: loaded 2 times (x 77B)
Class org.gradle.internal.impldep.com.google.gson.internal.bind.ArrayTypeAdapter$1    : loaded 2 times (x 73B)
Class org.jetbrains.plugins.gradle.tooling.serialization.GradleExtensionsSerializationService$3: loaded 2 times (x 74B)
Class com.android.ide.gradle.model.dependencies.DeclaredDependenciesImpl              : loaded 2 times (x 73B)
Class com.android.ide.gradle.model.composites.BuildMapImpl                            : loaded 2 times (x 73B)
Class org.gradle.internal.classloader.InstrumentingClassLoader                        : loaded 2 times (x 68B)
Class org.gradle.internal.classpath.TransformedClassPath                              : loaded 2 times (x 94B)
Class com.google.common.cache.CacheBuilder$NullListener                               : loaded 2 times (x 80B)
Class com.google.common.collect.ImmutableMap$SerializedForm                           : loaded 2 times (x 71B)
Class org.objectweb.asm.FieldWriter                                                   : loaded 2 times (x 76B)
Class com.android.builder.model.v2.ide.LibraryInfo                                    : loaded 2 times (x 68B)
Class org.apache.commons.io.CloseableURLConnection                                    : loaded 2 times (x 114B)
Class net.rubygrapefruit.platform.internal.Platform$Linux                             : loaded 2 times (x 81B)
Class com.google.common.base.CommonPattern                                            : loaded 2 times (x 72B)
Class com.google.common.cache.LocalCache$LocalManualCache                             : loaded 2 times (x 97B)
Class org.gradle.internal.service.CachingServiceLocator                               : loaded 2 times (x 80B)
Class org.jetbrains.kotlin.tooling.core.KotlinToolingVersionKt                        : loaded 2 times (x 69B)
Class org.jetbrains.kotlin.tooling.core.InternerImpl$Store                            : loaded 2 times (x 68B)
Class com.google.common.reflect.Invokable                                             : loaded 2 times (x 101B)
Class kotlin.text.Regex$Companion                                                     : loaded 2 times (x 69B)
Class org.gradle.internal.impldep.com.google.gson.internal.bind.JsonTreeReader        : loaded 2 times (x 96B)
Class org.gradle.internal.impldep.com.google.gson.internal.Streams$AppendableWriter   : loaded 2 times (x 97B)
Class kotlin.collections.AbstractList$SubList                                         : loaded 2 times (x 196B)
Class kotlin.jvm.internal.CallableReference                                           : loaded 2 times (x 104B)
Class com.google.common.collect.Streams                                               : loaded 2 times (x 69B)
Class com.google.common.collect.AbstractMapBasedMultimap$KeySet                       : loaded 2 times (x 135B)
Class com.google.common.math.IntMath                                                  : loaded 2 times (x 69B)
Class com.intellij.gradle.toolingExtension.impl.model.buildScriptClasspathModel.GradleBuildScriptClasspathSerializationService$1: loaded 2 times (x 74B)
Class org.gradle.internal.impldep.com.google.gson.internal.bind.SerializationDelegatingTypeAdapter: loaded 2 times (x 72B)
Class org.gradle.internal.impldep.com.google.gson.internal.Primitives                 : loaded 2 times (x 69B)
Class org.jetbrains.kotlin.idea.gradleTooling.reflect.ParameterList                   : loaded 2 times (x 171B)
Class org.jetbrains.plugins.gradle.tooling.serialization.GradleExtensionsSerializationService$2: loaded 2 times (x 74B)
Class com.intellij.gradle.toolingExtension.impl.modelBuilder.DefaultMessageReporter   : loaded 2 times (x 73B)
Class org.gradle.internal.impldep.com.google.common.collect.UnmodifiableIterator      : loaded 2 times (x 78B)
Class [Lorg.gradle.api.JavaVersion;                                                   : loaded 2 times (x 67B)
Class com.android.ide.gradle.model.artifacts.builder.AdditionalClassifierArtifactsModelBuilder: loaded 2 times (x 77B)
Class kotlin.ranges.IntRange                                                          : loaded 2 times (x 91B)
Class org.gradle.tooling.model.idea.IdeaDependencyScope                               : loaded 2 times (x 68B)
Class org.gradle.internal.time.TimeSource                                             : loaded 2 times (x 68B)
Class org.gradle.tooling.model.kotlin.dsl.KotlinDslScriptsModel                       : loaded 2 times (x 68B)
Class com.google.common.reflect.Types$TypeVariableInvocationHandler                   : loaded 2 times (x 73B)
Class org.gradle.internal.impldep.com.google.gson.internal.sql.SqlTimeTypeAdapter$1   : loaded 2 times (x 73B)
Class com.google.common.collect.MapDifference                                         : loaded 2 times (x 68B)
Class com.google.common.cache.LocalCache$Strength$3                                   : loaded 2 times (x 79B)
Class net.rubygrapefruit.platform.internal.Platform$Posix                             : loaded 2 times (x 79B)
Class org.jetbrains.plugins.gradle.tooling.ModelBuilderService$ParameterizedModelBuilderService: loaded 2 times (x 68B)
Class org.jetbrains.plugins.gradle.tooling.builder.EarModelBuilderImpl                : loaded 2 times (x 84B)
Class [Lcom.google.common.collect.Maps$EntryFunction;                                 : loaded 2 times (x 67B)
Class com.google.common.collect.TransformedIterator                                   : loaded 2 times (x 78B)
Class com.android.builder.model.v2.ide.TestInfo                                       : loaded 2 times (x 68B)
Class com.google.common.io.ByteStreams                                                : loaded 2 times (x 69B)
Class org.gradle.tooling.internal.gradle.GradleBuildIdentity                          : loaded 2 times (x 68B)
Class kotlin.enums.EnumEntries                                                        : loaded 2 times (x 68B)
Class com.google.common.base.Predicates                                               : loaded 2 times (x 69B)
Class com.google.common.base.Equivalence                                              : loaded 2 times (x 80B)
Class org.jetbrains.kotlin.idea.gradleTooling.reflect.TypeToken                       : loaded 2 times (x 70B)
Class com.google.common.base.Splitter$1                                               : loaded 2 times (x 75B)
Class kotlin.collections.CollectionsKt__CollectionsKt                                 : loaded 2 times (x 69B)
Class org.jetbrains.kotlin.idea.gradleTooling.KotlinDslScriptTaskModelBuilder$Companion: loaded 2 times (x 69B)
Class com.intellij.gradle.toolingExtension.impl.javaModel.manifestModel.JavaGradleManifestModelBuilder: loaded 2 times (x 84B)
Class com.android.builder.model.v2.ide.JavaCompileOptions                             : loaded 2 times (x 68B)
Class kotlin.collections.ArraysKt___ArraysJvmKt                                       : loaded 2 times (x 69B)
Class org.gradle.tooling.internal.adapter.ProtocolToModelAdapter$MixInMappingAction   : loaded 2 times (x 78B)
Class org.gradle.internal.exceptions.ResolutionProvider                               : loaded 2 times (x 68B)
Class org.apache.commons.io.output.AbstractByteArrayOutputStream                      : loaded 2 times (x 100B)
Class com.google.common.collect.IndexedImmutableSet$1                                 : loaded 2 times (x 211B)
Class com.google.common.cache.CacheBuilder$OneWeigher                                 : loaded 2 times (x 80B)
Class org.gradle.internal.impldep.com.google.gson.reflect.TypeToken                   : loaded 2 times (x 73B)
Class org.jetbrains.kotlin.idea.gradleTooling.AndroidAwareGradleModelProvider$Result  : loaded 2 times (x 70B)
Class org.jetbrains.kotlin.idea.gradleTooling.reflect.ReflectionKt                    : loaded 2 times (x 69B)
Class com.google.common.collect.AllEqualOrdering                                      : loaded 2 times (x 112B)
Class com.android.builder.model.v2.ide.AbstractArtifact                               : loaded 2 times (x 68B)
Class sync_studio_tooling9_asvuhqsiy4f5rks0idbclgw4c                                  : loaded 2 times (x 177B)
Class kotlin.text.MatchResult$DefaultImpls                                            : loaded 2 times (x 69B)
Class org.gradle.tooling.model.idea.IdeaCompilerOutput                                : loaded 2 times (x 68B)
Class org.gradle.tooling.model.ProjectIdentifier                                      : loaded 2 times (x 68B)
Class com.google.common.collect.Maps$EntryFunction                                    : loaded 2 times (x 89B)
Class net.rubygrapefruit.platform.internal.Platform$Unsupported                       : loaded 2 times (x 77B)
Class net.rubygrapefruit.platform.internal.Platform$FreeBSD32Bit                      : loaded 2 times (x 80B)
Class com.google.common.reflect.Types$ClassOwnership$1LocalClass                      : loaded 2 times (x 69B)
Class org.gradle.internal.classloader.ClasspathUtil                                   : loaded 2 times (x 69B)
Class [Lcom.android.ide.gradle.model.builder.LegacyAndroidGradlePluginPropertiesModelBuilder$PluginType;: loaded 2 times (x 67B)
Class com.intellij.gradle.toolingExtension.impl.model.buildScriptClasspathModel.DefaultGradleBuildScriptClasspathModel: loaded 2 times (x 81B)
Class org.jetbrains.kotlin.idea.gradleTooling.reflect.KotlinSourceSetReflectionImpl$Companion: loaded 2 times (x 69B)
Class org.gradle.internal.impldep.com.google.gson.internal.bind.TypeAdapters$1        : loaded 2 times (x 73B)
Class com.intellij.gradle.toolingExtension.impl.model.sourceSetDependencyModel.GradleSourceSetDependencyResolver: loaded 2 times (x 70B)
Class org.jetbrains.plugins.gradle.model.DefaultExternalProject                       : loaded 2 times (x 93B)
Class kotlin.text.StringsKt__RegexExtensionsJVMKt                                     : loaded 2 times (x 69B)
Class com.intellij.gradle.toolingExtension.impl.model.sourceSetDependencyModel.GradleSourceSetDependencyModelBuilder: loaded 2 times (x 84B)
Class com.android.builder.model.v2.ide.ComponentInfo                                  : loaded 2 times (x 68B)
Class kotlin.io.FileSystemException                                                   : loaded 2 times (x 80B)
Class com.android.builder.model.v2.ide.ProjectType                                    : loaded 2 times (x 77B)
Class org.jetbrains.kotlin.tooling.core.HasExtras                                     : loaded 2 times (x 68B)
Class net.rubygrapefruit.platform.internal.Platform$Unix                              : loaded 2 times (x 80B)
Class com.google.common.base.Charsets                                                 : loaded 2 times (x 69B)
Class com.google.common.util.concurrent.Uninterruptibles                              : loaded 2 times (x 69B)
Class com.intellij.gradle.toolingExtension.impl.util.GradleProjectUtil                : loaded 2 times (x 69B)
Class com.intellij.gradle.toolingExtension.impl.model.dependencyModel.auxiliary.LegacyAuxiliaryArtifactResolver: loaded 2 times (x 74B)
Class org.gradle.internal.impldep.com.google.gson.internal.bind.TypeAdapters$2        : loaded 2 times (x 73B)
Class org.gradle.internal.impldep.com.google.gson.internal.sql.SqlTimestampTypeAdapter: loaded 2 times (x 74B)
Class org.jetbrains.kotlin.idea.gradleTooling.reflect.ReflectionReceiver              : loaded 2 times (x 68B)
Class org.jetbrains.plugins.gradle.tooling.serialization.GradleExtensionsSerializationService$1: loaded 2 times (x 74B)
Class org.jetbrains.plugins.gradle.tooling.AbstractModelBuilderService                : loaded 2 times (x 84B)
Class org.gradle.internal.impldep.com.google.common.collect.ImmutableList             : loaded 2 times (x 204B)
Class com.android.builder.model.v2.dsl.BaseConfig                                     : loaded 2 times (x 68B)
Class org.gradle.internal.time.TimeSource$1                                           : loaded 2 times (x 75B)
Class kotlin.jvm.internal.DefaultConstructorMarker                                    : loaded 2 times (x 69B)
Class com.google.common.io.CharSource                                                 : loaded 2 times (x 83B)
Class com.google.common.collect.Maps                                                  : loaded 2 times (x 69B)
Class org.gradle.api.specs.Spec                                                       : loaded 2 times (x 68B)
Class org.gradle.internal.impldep.com.google.gson.internal.bind.TypeAdapters$3        : loaded 2 times (x 73B)
Class org.gradle.internal.impldep.com.google.gson.internal.ConstructorConstructor     : loaded 2 times (x 70B)
Class org.jetbrains.kotlin.tooling.core.InternerImpl                                  : loaded 2 times (x 74B)
Class com.google.common.cache.LocalCache$Strength$2                                   : loaded 2 times (x 79B)
Class com.google.common.util.concurrent.SettableFuture                                : loaded 2 times (x 112B)
Class com.google.common.reflect.Types$ClassOwnership$3                                : loaded 2 times (x 69B)
Class net.rubygrapefruit.platform.internal.Platform$MacOs64Bit                        : loaded 2 times (x 80B)
Class org.apache.commons.io.file.PathFilter                                           : loaded 2 times (x 68B)
Class com.google.common.reflect.Types$JavaVersion                                     : loaded 2 times (x 81B)
Class org.gradle.internal.impldep.com.google.gson.internal.bind.TypeAdapters$4        : loaded 2 times (x 73B)
Class org.gradle.internal.impldep.com.google.gson.internal.bind.DefaultDateTypeAdapter$DateType: loaded 2 times (x 71B)
Class com.google.common.collect.Collections2$FilteredCollection                       : loaded 2 times (x 117B)
Class org.apache.commons.io.output.QueueOutputStream                                  : loaded 2 times (x 85B)
Class org.gradle.tooling.model.Dependency                                             : loaded 2 times (x 68B)
Class org.jetbrains.plugins.gradle.tooling.builder.WarModelBuilderImpl                : loaded 2 times (x 84B)
Class com.intellij.gradle.toolingExtension.impl.modelBuilder.ExtraModelBuilder        : loaded 2 times (x 83B)
Class com.google.common.cache.LocalCache$LoadingValueReference                        : loaded 2 times (x 94B)
Class org.jetbrains.kotlin.idea.gradleTooling.reflect.Parameter                       : loaded 2 times (x 70B)
Class org.gradle.internal.impldep.com.google.gson.internal.bind.TypeAdapters$5        : loaded 2 times (x 73B)
Class org.gradle.api.JavaVersion                                                      : loaded 2 times (x 77B)
Class org.jetbrains.plugins.gradle.tooling.builder.DependencyAccessorsModelBuilder    : loaded 2 times (x 79B)
Class com.intellij.gradle.toolingExtension.impl.util.GradleIdeaPluginUtil             : loaded 2 times (x 69B)
Class org.jetbrains.kotlin.idea.gradleTooling.PrepareKotlinIdeaImportTaskModelBuilder$KotlinNativePlatformDependenciesKt: loaded 2 times (x 69B)
Class org.gradle.internal.impldep.com.google.gson.internal.reflect.ReflectionHelper   : loaded 2 times (x 69B)
Class com.intellij.gradle.toolingExtension.impl.model.buildScriptClasspathModel.GradleBuildScriptClasspathModelBuilder: loaded 2 times (x 84B)
Class com.android.ide.gradle.model.impl.GradlePluginModelImpl$Companion               : loaded 2 times (x 69B)
Class kotlin.collections.EmptyIterator                                                : loaded 2 times (x 87B)
Class kotlin.text.StringsKt__RegexExtensionsKt                                        : loaded 2 times (x 69B)
Class org.gradle.internal.time.Clock                                                  : loaded 2 times (x 68B)
Class com.google.common.collect.CollectSpliterators                                   : loaded 2 times (x 69B)
Class com.google.common.reflect.Invokable$MethodInvokable                             : loaded 2 times (x 105B)
Class com.google.common.base.Platform                                                 : loaded 2 times (x 69B)
Class org.jetbrains.kotlin.idea.gradleTooling.KotlinGradlePluginVersionImpl           : loaded 2 times (x 76B)
Class org.gradle.internal.impldep.com.google.gson.internal.bind.TypeAdapters$6        : loaded 2 times (x 73B)
Class org.gradle.internal.impldep.com.google.gson.JsonParseException                  : loaded 2 times (x 80B)
Class org.jetbrains.plugins.gradle.tooling.serialization.RepositoriesModelSerializationService$1: loaded 2 times (x 74B)
Class com.google.common.cache.LocalCache$Strength$1                                   : loaded 2 times (x 79B)
Class org.objectweb.asm.ModuleVisitor                                                 : loaded 2 times (x 79B)
Class org.gradle.internal.impldep.com.google.common.collect.ImmutableCollection       : loaded 2 times (x 123B)
Class [Lcom.android.builder.model.v2.ide.TestInfo$Execution;                          : loaded 2 times (x 67B)
Class kotlin.io.FilePathComponents                                                    : loaded 2 times (x 70B)
Class com.android.builder.model.v2.dsl.ProductFlavor                                  : loaded 2 times (x 68B)
Class com.google.common.collect.CompoundOrdering                                      : loaded 2 times (x 113B)
Class kotlin.sequences.SequencesKt__SequencesJVMKt                                    : loaded 2 times (x 69B)
Class kotlin.coroutines.jvm.internal.RestrictedSuspendLambda                          : loaded 2 times (x 89B)
Class org.gradle.tooling.internal.adapter.TypeInspector                               : loaded 2 times (x 71B)
Class org.gradle.tooling.internal.adapter.ProtocolToModelAdapter$NoOpDecoration       : loaded 2 times (x 77B)
Class org.gradle.tooling.model.Element                                                : loaded 2 times (x 68B)
Class kotlin.collections.AbstractList                                                 : loaded 2 times (x 195B)
Class kotlin.collections.AbstractCollection                                           : loaded 2 times (x 115B)
Class com.google.common.collect.AbstractMapBasedMultimap$WrappedList                  : loaded 2 times (x 203B)
Class [Lorg.objectweb.asm.AnnotationWriter;                                           : loaded 2 times (x 67B)
Class com.google.common.collect.Maps$8                                                : loaded 2 times (x 80B)
Class com.google.common.collect.Sets$4                                                : loaded 2 times (x 137B)
Class com.android.ide.gradle.model.builder.GradlePropertiesModelBuilder               : loaded 2 times (x 73B)
Class org.jetbrains.kotlin.idea.gradleTooling.reflect.KotlinMultiplatformImportReflectionImpl$Companion: loaded 2 times (x 69B)
Class org.gradle.internal.impldep.com.google.gson.internal.bind.TypeAdapters$10       : loaded 2 times (x 73B)
Class org.gradle.internal.impldep.com.google.gson.internal.bind.TypeAdapters$7        : loaded 2 times (x 73B)
Class com.google.common.reflect.TypeResolver                                          : loaded 2 times (x 70B)
Class com.google.common.reflect.Types$ClassOwnership$2                                : loaded 2 times (x 78B)
Class com.google.common.io.ByteArrayDataInput                                         : loaded 2 times (x 68B)
Class com.google.common.collect.Lists$ReverseList$1                                   : loaded 2 times (x 97B)
Class kotlin.text.StringsKt__StringBuilderJVMKt                                       : loaded 2 times (x 69B)
Class org.gradle.internal.impldep.com.google.common.collect.Iterators$5               : loaded 2 times (x 80B)
Class kotlin.text.Regex                                                               : loaded 2 times (x 70B)
Class kotlin.sequences.SequencesKt__SequenceBuilderKt$sequence$$inlined$Sequence$1    : loaded 2 times (x 73B)
Class kotlin.Triple                                                                   : loaded 2 times (x 70B)
Class org.jetbrains.kotlin.tooling.core.Extras                                        : loaded 2 times (x 68B)
Class com.google.common.base.Predicates$CompositionPredicate                          : loaded 2 times (x 86B)
Class com.google.common.collect.Sets$SetView                                          : loaded 2 times (x 136B)
Class com.google.common.cache.LocalCache$StrongValueReference                         : loaded 2 times (x 88B)
Class com.google.common.util.concurrent.AbstractFuture$SynchronizedHelper             : loaded 2 times (x 76B)
Class org.jetbrains.plugins.gradle.model.DefaultUnresolvedExternalDependency          : loaded 2 times (x 109B)
Class org.gradle.internal.impldep.com.google.gson.ReflectionAccessFilter$FilterResult : loaded 2 times (x 77B)
Class org.gradle.internal.impldep.com.google.gson.internal.bind.TypeAdapters$8        : loaded 2 times (x 73B)
Class org.gradle.internal.impldep.com.google.gson.internal.bind.TypeAdapters$11       : loaded 2 times (x 73B)
Class [Lorg.jetbrains.plugins.gradle.tooling.Message$Kind;                            : loaded 2 times (x 67B)
Class com.intellij.openapi.externalSystem.model.project.dependencies.UnknownDependencyNode: loaded 2 times (x 85B)
Class com.intellij.gradle.toolingExtension.impl.model.sourceSetModel.GradleSourceSetResolutionContext: loaded 2 times (x 71B)
Class org.gradle.tooling.model.internal.ImmutableDomainObjectSet                      : loaded 2 times (x 153B)
Class com.google.common.graph.SuccessorsFunction                                      : loaded 2 times (x 68B)
Class org.objectweb.asm.Type                                                          : loaded 2 times (x 70B)
Class org.gradle.internal.classloader.VisitableURLClassLoader$InstrumentingVisitableURLClassLoader: loaded 2 times (x 121B)
Class org.gradle.internal.impldep.com.google.gson.JsonObject                          : loaded 2 times (x 91B)
Class org.gradle.internal.impldep.com.google.gson.internal.bind.TypeAdapters$9        : loaded 2 times (x 73B)
Class org.gradle.internal.impldep.com.google.gson.internal.bind.TypeAdapters$12       : loaded 2 times (x 73B)
Class com.intellij.util.ExceptionUtilRt                                               : loaded 2 times (x 69B)
Class [Lorg.gradle.internal.impldep.com.google.gson.LongSerializationPolicy;          : loaded 2 times (x 67B)
Class com.intellij.compose.ide.plugin.gradleTooling.rt.ComposeResourcesExtension$Companion: loaded 2 times (x 69B)
Class kotlin.comparisons.ComparisonsKt__ComparisonsKt                                 : loaded 2 times (x 69B)
Class [Lcom.android.builder.model.v2.ide.AndroidGradlePluginProjectFlags$BooleanFlag; : loaded 2 times (x 67B)
Class com.android.builder.model.v2.ide.AndroidGradlePluginProjectFlags                : loaded 2 times (x 68B)
Class com.android.builder.model.v2.ide.BasicVariant                                   : loaded 2 times (x 68B)
Class kotlin.ranges.RangesKt__RangesKt                                                : loaded 2 times (x 69B)
Class kotlin.collections.SetsKt___SetsKt                                              : loaded 2 times (x 69B)
Class kotlin.sequences.SequencesKt__SequencesKt                                       : loaded 2 times (x 69B)
Class kotlin.coroutines.Continuation                                                  : loaded 2 times (x 68B)
Class org.apache.commons.io.FileUtils                                                 : loaded 2 times (x 69B)
Class com.google.common.io.Files$FileByteSink                                         : loaded 2 times (x 75B)
Class org.objectweb.asm.ByteVector                                                    : loaded 2 times (x 77B)
Class [Lcom.google.common.cache.CacheBuilder$NullListener;                            : loaded 2 times (x 67B)
Class com.google.common.math.IntMath$1                                                : loaded 2 times (x 69B)
Class org.gradle.internal.classloader.VisitableURLClassLoader$Spec                    : loaded 2 times (x 72B)
Class org.gradle.internal.classpath.DefaultClassPath                                  : loaded 2 times (x 88B)
Class org.jetbrains.plugins.gradle.tooling.util.BooleanBiFunction                     : loaded 2 times (x 68B)
Class org.gradle.internal.impldep.com.google.gson.internal.bind.TypeAdapters$13       : loaded 2 times (x 73B)
Class org.gradle.internal.service.UnknownServiceException                             : loaded 2 times (x 81B)
Class com.google.common.cache.LocalCache$LocalLoadingCache                            : loaded 2 times (x 132B)
Class com.intellij.gradle.toolingExtension.impl.model.sourceSetArtifactIndex.GradleSourceSetArtifactIndex: loaded 2 times (x 76B)
Class org.jetbrains.kotlin.idea.gradleTooling.KotlinMPPGradleModelBinary              : loaded 2 times (x 68B)
Class com.google.common.util.concurrent.AbstractFuture$SafeAtomicHelper               : loaded 2 times (x 77B)
Class com.intellij.openapi.externalSystem.model.project.dependencies.ArtifactDependencyNode: loaded 2 times (x 68B)
Class org.gradle.internal.impldep.com.google.common.collect.Iterators$MergingIterator : loaded 2 times (x 79B)
Class kotlin.sequences.FilteringSequence                                              : loaded 2 times (x 73B)
Class kotlin.text.CharsKt__CharJVMKt                                                  : loaded 2 times (x 69B)
Class kotlin.comparisons.ComparisonsKt                                                : loaded 2 times (x 69B)
Class kotlin.comparisons.ComparisonsKt___ComparisonsKt                                : loaded 2 times (x 69B)
Class com.android.builder.model.v2.ide.BundleInfo                                     : loaded 2 times (x 68B)
Class com.android.builder.model.v2.ide.SourceProvider                                 : loaded 2 times (x 68B)
Class kotlin.coroutines.jvm.internal.BaseContinuationImpl                             : loaded 2 times (x 85B)
Class kotlin.Result$Companion                                                         : loaded 2 times (x 69B)
Class org.gradle.util.internal.DefaultGradleVersion                                   : loaded 2 times (x 78B)
Class com.google.common.base.AbstractIterator                                         : loaded 2 times (x 78B)
Class com.google.common.reflect.Types$ClassOwnership                                  : loaded 2 times (x 78B)
Class org.objectweb.asm.Symbol                                                        : loaded 2 times (x 71B)
Class org.gradle.internal.impldep.com.google.gson.internal.bind.TypeAdapters$14       : loaded 2 times (x 73B)
Class org.jetbrains.kotlin.idea.gradleTooling.UtilsKt                                 : loaded 2 times (x 69B)
Class org.jetbrains.kotlin.idea.gradleTooling.KotlinDslScriptTaskModelBuilder         : loaded 2 times (x 84B)
Class org.gradle.internal.impldep.com.google.common.collect.Lists                     : loaded 2 times (x 69B)
Class com.google.common.collect.Sets$3                                                : loaded 2 times (x 137B)
Class [Lorg.objectweb.asm.AnnotationVisitor;                                          : loaded 2 times (x 67B)
Class com.google.common.reflect.Types$ClassOwnership$1                                : loaded 2 times (x 78B)
Class com.google.common.collect.Sets$FilteredSet                                      : loaded 2 times (x 135B)
Class com.google.common.io.Closer                                                     : loaded 2 times (x 76B)
Class com.google.common.base.CharMatcher$Ascii                                        : loaded 2 times (x 110B)
Class org.gradle.internal.classloader.ClassLoaderSpec                                 : loaded 2 times (x 69B)
Class com.google.common.base.AbstractIterator$State                                   : loaded 2 times (x 77B)
Class org.jetbrains.plugins.gradle.model.DefaultExternalProjectDependency             : loaded 2 times (x 118B)
Class org.gradle.internal.impldep.com.google.gson.internal.Streams                    : loaded 2 times (x 69B)
Class org.gradle.internal.impldep.com.google.gson.internal.bind.ObjectTypeAdapter     : loaded 2 times (x 72B)
Class org.gradle.internal.impldep.com.google.gson.internal.bind.TypeAdapters$15       : loaded 2 times (x 73B)
Class org.gradle.internal.impldep.com.google.gson.internal.Excluder$1                 : loaded 2 times (x 72B)
Class org.jetbrains.kotlin.tooling.core.InternerKt                                    : loaded 2 times (x 69B)
Class kotlin.collections.CollectionsKt___CollectionsKt$asSequence$$inlined$Sequence$1 : loaded 2 times (x 73B)
Class org.gradle.internal.impldep.com.google.common.collect.Iterators$4               : loaded 2 times (x 80B)
Class org.jetbrains.plugins.gradle.tooling.builder.IntelliJProjectSettingsBuilder     : loaded 2 times (x 76B)
Class org.gradle.internal.impldep.com.google.common.collect.Iterators$SingletonIterator: loaded 2 times (x 79B)
Class kotlin.jvm.internal.FunctionReferenceImpl                                       : loaded 2 times (x 120B)
Class kotlin.collections.CollectionsKt___CollectionsJvmKt                             : loaded 2 times (x 69B)
Class com.google.common.io.ByteSource$EmptyByteSource                                 : loaded 2 times (x 83B)
Class net.rubygrapefruit.platform.internal.Platform$MacOs32Bit                        : loaded 2 times (x 80B)
Class net.rubygrapefruit.platform.internal.Platform$Linux64Bit                        : loaded 2 times (x 81B)
Class org.objectweb.asm.AnnotationWriter                                              : loaded 2 times (x 77B)
Class com.google.common.cache.CacheStats                                              : loaded 2 times (x 69B)
Class org.gradle.internal.impldep.com.google.gson.internal.bind.TypeAdapters$16       : loaded 2 times (x 73B)
Class org.gradle.internal.impldep.com.google.gson.TypeAdapterFactory                  : loaded 2 times (x 68B)
Class com.intellij.gradle.toolingExtension.impl.model.resourceFilterModel.GradleResourceFilterModelBuilder: loaded 2 times (x 69B)
Class org.gradle.internal.impldep.com.google.gson.annotations.JsonAdapter             : loaded 2 times (x 68B)
Class org.jetbrains.kotlin.idea.gradleTooling.KotlinGradleModelBuilder                : loaded 2 times (x 84B)
Class org.jetbrains.kotlin.idea.gradleTooling.reflect.KotlinMultiplatformImportReflection: loaded 2 times (x 68B)
Class [Lcom.android.builder.model.v2.ide.ProjectType;                                 : loaded 2 times (x 67B)
Class kotlin.TuplesKt                                                                 : loaded 2 times (x 69B)
Class kotlin.jvm.internal.markers.KMutableIterable                                    : loaded 2 times (x 68B)
Class kotlin.sequences.SequencesKt___SequencesJvmKt                                   : loaded 2 times (x 69B)
Class org.gradle.tooling.internal.adapter.ProtocolToModelAdapter$DefaultViewBuilder   : loaded 2 times (x 78B)
Class kotlin.Unit                                                                     : loaded 2 times (x 69B)
Class com.google.common.collect.ImmutableMultisetGwtSerializationDependencies         : loaded 2 times (x 123B)
Class com.google.common.io.LineProcessor                                              : loaded 2 times (x 68B)
Class com.google.common.io.Closer$Suppressor                                          : loaded 2 times (x 68B)
Class org.objectweb.asm.RecordComponentWriter                                         : loaded 2 times (x 76B)
Class com.google.common.util.concurrent.AbstractFuture$Listener                       : loaded 2 times (x 70B)
Class Settings_gradle$1$1                                                             : loaded 2 times (x 73B)
Class com.android.ide.gradle.model.composites.BuildMapModelBuilder                    : loaded 2 times (x 73B)
Class org.jetbrains.kotlin.idea.gradleTooling.reflect.KotlinSourceSetReflectionKt     : loaded 2 times (x 69B)
Class org.gradle.internal.impldep.com.google.gson.internal.bind.TypeAdapters$17       : loaded 2 times (x 73B)
Class com.intellij.gradle.toolingExtension.impl.model.warmUp.GradleTaskWarmUpService  : loaded 2 times (x 84B)
Class com.intellij.gradle.toolingExtension.impl.modelBuilder.DefaultModelBuilderContext: loaded 2 times (x 75B)
Class com.android.ide.common.gradle.Version$Companion$ParseState                      : loaded 2 times (x 68B)
Class [Lcom.android.builder.model.v2.ide.AaptOptions$Namespacing;                     : loaded 2 times (x 67B)
Class kotlin.ranges.RangesKt                                                          : loaded 2 times (x 69B)
Class org.gradle.tooling.internal.adapter.ProtocolToModelAdapter$ViewGraphDetails$1   : loaded 2 times (x 75B)
Class org.objectweb.asm.Attribute                                                     : loaded 2 times (x 75B)
Class com.google.common.base.Supplier                                                 : loaded 2 times (x 68B)
Class org.gradle.internal.classloader.VisitableURLClassLoader                         : loaded 2 times (x 115B)
Class com.android.ide.gradle.model.dependencies.DeclaredDependenciesModelBuilderKt    : loaded 2 times (x 69B)
Class org.gradle.internal.impldep.com.google.gson.internal.bind.TypeAdapters$18       : loaded 2 times (x 73B)
Class org.gradle.internal.impldep.com.google.gson.stream.JsonReader                   : loaded 2 times (x 95B)
Class org.gradle.internal.impldep.com.google.gson.FieldNamingPolicy$1                 : loaded 2 times (x 81B)
Class com.android.ide.gradle.model.builder.LegacyV1AgpVersionModelBuilder             : loaded 2 times (x 73B)
Class org.gradle.api.internal.ClassPathProvider                                       : loaded 2 times (x 68B)
Class [Lorg.gradle.api.internal.ClassPathProvider;                                    : loaded 2 times (x 67B)
Class com.google.common.collect.Sets$2                                                : loaded 2 times (x 137B)
Class [Lcom.google.common.base.Function;                                              : loaded 2 times (x 67B)
Class org.jetbrains.kotlin.idea.gradleTooling.model.allopen.AllOpenModelBuilderService: loaded 2 times (x 83B)
Class com.google.common.collect.Maps$ViewCachingAbstractMap                           : loaded 2 times (x 123B)
Class com.android.ide.common.repository.AgpVersion$Companion                          : loaded 2 times (x 69B)
Class kotlin.sequences.FlatteningSequence$iterator$1                                  : loaded 2 times (x 77B)
Class kotlin.jvm.functions.Function0                                                  : loaded 2 times (x 68B)
Class kotlin.collections.ArraysUtilJVM                                                : loaded 2 times (x 69B)
Class org.gradle.tooling.ToolingModelContract                                         : loaded 2 times (x 68B)
Class kotlin.sequences.Sequence                                                       : loaded 2 times (x 68B)
Class org.gradle.tooling.model.idea.IdeaDependency                                    : loaded 2 times (x 68B)
Class net.rubygrapefruit.platform.internal.FunctionResult$Failure                     : loaded 2 times (x 77B)
Class net.rubygrapefruit.platform.internal.NativeLibraryLoader                        : loaded 2 times (x 71B)
Class com.google.common.util.concurrent.AbstractFuture$Waiter                         : loaded 2 times (x 70B)
Class Settings_gradle                                                                 : loaded 2 times (x 126B)
Class com.intellij.gradle.toolingExtension.impl.model.dependencyModel.GradleDependencyResolver$1: loaded 2 times (x 75B)
Class org.gradle.internal.impldep.com.google.gson.internal.bind.TypeAdapters$19       : loaded 2 times (x 73B)
Class org.gradle.internal.impldep.com.google.gson.FieldNamingPolicy$2                 : loaded 2 times (x 81B)
Class kotlin.sequences.SequenceScope                                                  : loaded 2 times (x 71B)
Class org.jetbrains.kotlin.idea.gradleTooling.PrepareKotlinIdeaImportTaskModelBuilder : loaded 2 times (x 84B)
Class org.gradle.internal.impldep.com.google.common.collect.Lists$StringAsImmutableList: loaded 2 times (x 205B)
Class com.android.builder.model.v2.models.BasicAndroidProject                         : loaded 2 times (x 68B)
Class com.android.ide.common.gradle.Version$Companion                                 : loaded 2 times (x 69B)
Class [Lcom.android.builder.model.v2.ide.BytecodeTransformation;                      : loaded 2 times (x 67B)
Class com.android.builder.model.v2.ide.AaptOptions                                    : loaded 2 times (x 68B)
Class kotlin.collections.AbstractMutableList                                          : loaded 2 times (x 204B)
Class kotlin.jvm.functions.Function1                                                  : loaded 2 times (x 68B)
Class com.google.common.base.Strings                                                  : loaded 2 times (x 69B)
Class com.google.common.collect.Sets                                                  : loaded 2 times (x 69B)
Class org.objectweb.asm.Handler                                                       : loaded 2 times (x 70B)
Class com.google.common.base.Ticker                                                   : loaded 2 times (x 70B)
Class org.jetbrains.plugins.gradle.model.DefaultExternalTask                          : loaded 2 times (x 81B)
Class org.gradle.internal.impldep.com.google.gson.internal.sql.SqlDateTypeAdapter$1   : loaded 2 times (x 73B)
Class org.gradle.internal.impldep.com.google.gson.ToNumberPolicy$1                    : loaded 2 times (x 81B)
Class org.gradle.internal.impldep.com.google.gson.FieldNamingPolicy$3                 : loaded 2 times (x 81B)
Class kotlin.text.MatchResult                                                         : loaded 2 times (x 68B)
Class com.google.common.collect.NaturalOrdering                                       : loaded 2 times (x 113B)
Class kotlin.text.StringsKt__StringNumberConversionsJVMKt                             : loaded 2 times (x 69B)
Class org.jetbrains.plugins.gradle.tooling.builder.WarModelBuilderImplKt              : loaded 2 times (x 69B)
Class com.intellij.gradle.toolingExtension.impl.model.utilTurnOffDefaultTasksModel.TurnOffDefaultTasksModelBuilder: loaded 2 times (x 84B)
Class com.android.builder.model.v2.models.ndk.NativeModelBuilderParameter             : loaded 2 times (x 68B)
Class kotlin.KotlinNothingValueException                                              : loaded 2 times (x 80B)
Class org.jetbrains.kotlin.idea.gradleTooling.KotlinMPPGradleModelBuilder             : loaded 2 times (x 84B)
Class org.jetbrains.plugins.gradle.tooling.serialization.internal.adapter.InternalProjectIdentifier: loaded 2 times (x 74B)
Class kotlin.jvm.functions.Function2                                                  : loaded 2 times (x 68B)
Class [Lcom.google.common.cache.LocalCache$Segment;                                   : loaded 2 times (x 67B)
Class [Lcom.google.common.cache.LocalCache$Strength;                                  : loaded 2 times (x 67B)
Class com.google.common.cache.CacheBuilder$1                                          : loaded 2 times (x 83B)
Class org.gradle.internal.classpath.DefaultClassPath$ImmutableUniqueList$Builder      : loaded 2 times (x 73B)
Class com.intellij.util.ExceptionUtilRt$1                                             : loaded 2 times (x 127B)
Class org.jetbrains.plugins.gradle.tooling.internal.ClasspathEntryModelImpl           : loaded 2 times (x 78B)
Class org.gradle.internal.impldep.com.google.gson.ToNumberPolicy$2                    : loaded 2 times (x 81B)
Class org.gradle.internal.impldep.com.google.gson.FieldNamingPolicy$4                 : loaded 2 times (x 81B)
Class org.gradle.internal.impldep.com.google.gson.LongSerializationPolicy$2           : loaded 2 times (x 78B)
Class com.intellij.gradle.toolingExtension.impl.model.dependencyModel.GradleDependencyTraverser$Itr: loaded 2 times (x 81B)
Class com.intellij.gradle.toolingExtension.impl.initScript.util.GradleTasksUtil       : loaded 2 times (x 69B)
Class org.gradle.api.internal.DefaultClassPathProvider                                : loaded 2 times (x 74B)
Class org.objectweb.asm.AnnotationVisitor                                             : loaded 2 times (x 76B)
Class kotlin.collections.MapsKt___MapsJvmKt                                           : loaded 2 times (x 69B)
Class org.gradle.tooling.internal.adapter.WeakIdentityHashMap$AbsentValueProvider     : loaded 2 times (x 68B)
Class com.google.common.cache.LocalCache                                              : loaded 2 times (x 185B)
Class com.google.common.cache.CacheBuilder$2                                          : loaded 2 times (x 77B)
Class com.intellij.gradle.toolingExtension.impl.model.buildScriptClasspathModel.GradleBuildScriptClasspathCache: loaded 2 times (x 73B)
Class org.gradle.internal.impldep.com.google.gson.internal.sql.SqlTimestampTypeAdapter$1: loaded 2 times (x 73B)
Class org.gradle.internal.impldep.com.google.gson.ToNumberPolicy$3                    : loaded 2 times (x 81B)
Class org.gradle.internal.impldep.com.google.gson.FieldNamingPolicy$5                 : loaded 2 times (x 81B)
Class com.intellij.openapi.externalSystem.model.project.dependencies.ProjectDependenciesImpl: loaded 2 times (x 75B)
Class com.google.common.collect.Sets$1                                                : loaded 2 times (x 137B)
Class com.google.common.base.Splitter                                                 : loaded 2 times (x 70B)
Class org.jetbrains.kotlin.idea.gradleTooling.model.samWithReceiver.SamWithReceiverModel: loaded 2 times (x 68B)
Class com.google.common.collect.ComparatorOrdering                                    : loaded 2 times (x 113B)
Class kotlin.jvm.functions.Function4                                                  : loaded 2 times (x 68B)
Class com.android.ide.common.gradle.Numeric                                           : loaded 2 times (x 75B)
Class kotlin.collections.EmptySet                                                     : loaded 2 times (x 120B)
Class kotlin.annotation.Target                                                        : loaded 2 times (x 68B)
Class kotlin.collections.CollectionsKt___CollectionsKt                                : loaded 2 times (x 69B)
Class com.google.common.collect.ImmutableSet$SerializedForm                           : loaded 2 times (x 71B)
Class org.gradle.internal.exceptions.NonGradleCauseExceptionsHolder                   : loaded 2 times (x 68B)
Class org.gradle.tooling.model.idea.IdeaModuleDependency                              : loaded 2 times (x 68B)
Class org.gradle.tooling.internal.adapter.ViewBuilder                                 : loaded 2 times (x 68B)
Class com.google.common.collect.ArrayListMultimap                                     : loaded 2 times (x 170B)
Class com.google.common.cache.CacheBuilder$3                                          : loaded 2 times (x 70B)
Class org.jetbrains.plugins.gradle.tooling.util.BiFunction                            : loaded 2 times (x 68B)
Class org.jetbrains.plugins.gradle.model.AbstractExternalDependency                   : loaded 2 times (x 104B)
Class org.gradle.internal.impldep.com.google.gson.ToNumberPolicy$4                    : loaded 2 times (x 81B)
Class org.gradle.internal.impldep.com.google.gson.FieldNamingPolicy$6                 : loaded 2 times (x 81B)
Class org.gradle.internal.impldep.com.google.gson.LongSerializationPolicy             : loaded 2 times (x 78B)
Class org.jetbrains.kotlin.idea.gradleTooling.model.kapt.KaptGradleModelImpl          : loaded 2 times (x 75B)
Class org.jetbrains.kotlin.idea.gradleTooling.model.allopen.AllOpenModel              : loaded 2 times (x 68B)
Class org.jetbrains.kotlin.idea.gradleTooling.PrepareKotlinIdeaImportTaskModelBuilder$Messages: loaded 2 times (x 69B)
Class org.jetbrains.plugins.gradle.tooling.Message$FilePosition                       : loaded 2 times (x 73B)
Class org.gradle.internal.impldep.com.google.gson.LongSerializationPolicy$1           : loaded 2 times (x 78B)
Class com.intellij.gradle.toolingExtension.impl.model.dependencyGraphModel.GradleDependencyReportGenerator: loaded 2 times (x 71B)
Class com.android.ide.common.gradle.Version                                           : loaded 2 times (x 73B)
Class com.android.builder.model.v2.ide.AndroidLibraryData                             : loaded 2 times (x 68B)
Class kotlin.text.StringsKt___StringsJvmKt                                            : loaded 2 times (x 69B)
Class com.android.builder.model.v2.ide.ApiVersion                                     : loaded 2 times (x 68B)
Class kotlin.reflect.KDeclarationContainer                                            : loaded 2 times (x 68B)
Class kotlin.annotation.Retention                                                     : loaded 2 times (x 68B)
Class org.apache.commons.io.StandardLineSeparator                                     : loaded 2 times (x 77B)
Class com.google.common.base.Suppliers$MemoizingSupplier                              : loaded 2 times (x 77B)
Class com.google.common.collect.CollectPreconditions                                  : loaded 2 times (x 69B)
Class com.intellij.gradle.toolingExtension.impl.initScript.util.GradleDebuggerUtil    : loaded 2 times (x 69B)
Class com.google.common.collect.ImmutableEnumMap                                      : loaded 2 times (x 124B)
Class org.jetbrains.plugins.gradle.model.ModelFactory                                 : loaded 2 times (x 69B)
Class org.gradle.internal.impldep.com.google.gson.internal.ConstructorConstructor$19  : loaded 2 times (x 74B)
Class org.gradle.internal.impldep.com.google.gson.FieldNamingPolicy$7                 : loaded 2 times (x 81B)
Class org.jetbrains.plugins.gradle.tooling.serialization.ToolingStreamApiUtilsKt      : loaded 2 times (x 69B)
Class com.google.common.collect.ListMultimap                                          : loaded 2 times (x 68B)
Class org.jetbrains.plugins.gradle.tooling.ModelBuilderContext$DataProvider           : loaded 2 times (x 68B)
Class org.gradle.internal.impldep.com.google.common.collect.AbstractIndexedListIterator: loaded 2 times (x 94B)
Class com.google.common.collect.CollectSpliterators$1WithCharacteristics              : loaded 2 times (x 88B)
Class kotlin.io.FilesKt                                                               : loaded 2 times (x 69B)
Class com.android.builder.model.v2.models.Versions$Version                            : loaded 2 times (x 68B)
Class kotlin.collections.MapsKt___MapsKt                                              : loaded 2 times (x 69B)
Class kotlin.collections.ArraysKt___ArraysKt                                          : loaded 2 times (x 69B)
Class [Lcom.google.common.io.FileWriteMode;                                           : loaded 2 times (x 67B)
Class com.google.common.collect.Maps$AbstractFilteredMap                              : loaded 2 times (x 125B)
Class com.google.common.collect.SortedMapDifference                                   : loaded 2 times (x 68B)
Class org.jetbrains.kotlin.tooling.core.KotlinToolingVersion$Maturity                 : loaded 2 times (x 77B)
Class org.gradle.internal.impldep.com.google.gson.internal.bind.MapTypeAdapterFactory$Adapter: loaded 2 times (x 72B)
Class org.apache.commons.io.output.StringBuilderWriter                                : loaded 2 times (x 98B)
Class [Lorg.apache.commons.io.StandardLineSeparator;                                  : loaded 2 times (x 67B)
Class org.gradle.tooling.internal.gradle.DefaultProjectIdentifier                     : loaded 2 times (x 84B)
Class [Lcom.intellij.openapi.externalSystem.model.project.IExternalSystemSourceType;  : loaded 2 times (x 67B)
Class com.android.builder.model.v2.models.AndroidDsl                                  : loaded 2 times (x 68B)
Class kotlin.collections.MapsKt__MapWithDefaultKt                                     : loaded 2 times (x 69B)
Class org.gradle.tooling.internal.adapter.ProtocolToModelAdapter$ReflectionMethodInvoker: loaded 2 times (x 74B)
Class com.google.common.io.Files                                                      : loaded 2 times (x 69B)
Class net.rubygrapefruit.platform.internal.NativeLibraryLocator                       : loaded 2 times (x 71B)
Class net.rubygrapefruit.platform.Process                                             : loaded 2 times (x 68B)
Class com.google.common.cache.LocalCache$WriteThroughEntry                            : loaded 2 times (x 77B)
Class com.google.common.cache.LocalCache$HashIterator                                 : loaded 2 times (x 84B)
Class com.google.common.cache.LocalCache$EntryFactory                                 : loaded 2 times (x 81B)
Class [Lorg.jetbrains.kotlin.idea.gradleTooling.reflect.Parameter;                    : loaded 2 times (x 67B)
Class org.gradle.internal.impldep.com.google.gson.internal.bind.ReflectiveTypeAdapterFactory$1: loaded 2 times (x 77B)
Class org.gradle.internal.impldep.com.google.gson.internal.bind.NumberTypeAdapter$1   : loaded 2 times (x 74B)
Class org.gradle.internal.impldep.com.google.gson.JsonIOException                     : loaded 2 times (x 80B)
Class org.gradle.internal.impldep.com.google.gson.internal.Excluder                   : loaded 2 times (x 73B)
Class kotlin.text.StringsKt__AppendableKt                                             : loaded 2 times (x 69B)
Class org.gradle.internal.impldep.com.google.common.collect.Iterators$1               : loaded 2 times (x 79B)
Class com.intellij.openapi.externalSystem.model.project.dependencies.DependencyNode   : loaded 2 times (x 68B)
Class org.jetbrains.kotlin.idea.gradleTooling.model.assignment.AssignmentModel        : loaded 2 times (x 68B)
Class com.intellij.openapi.externalSystem.model.project.dependencies.ComponentDependencies: loaded 2 times (x 68B)
Class org.jetbrains.plugins.gradle.tooling.ModelBuilderService$Ex                     : loaded 2 times (x 68B)
Class [Lcom.android.ide.common.gradle.Separator;                                      : loaded 2 times (x 67B)
Class kotlin.text.StringsKt___StringsKt                                               : loaded 2 times (x 69B)
Class com.google.common.collect.NullsLastOrdering                                     : loaded 2 times (x 113B)
Class kotlin.collections.CollectionsKt__MutableCollectionsJVMKt                       : loaded 2 times (x 69B)
Class org.gradle.api.internal.classpath.EffectiveClassPath                            : loaded 2 times (x 88B)
Class kotlin.enums.EnumEntriesKt                                                      : loaded 2 times (x 69B)
Class org.jetbrains.kotlin.tooling.core.HasMutableExtras                              : loaded 2 times (x 68B)
Class com.google.common.base.Splitter$1$1                                             : loaded 2 times (x 84B)
Class com.google.common.collect.Iterables$5                                           : loaded 2 times (x 79B)
Class com.google.common.reflect.Types$NativeTypeVariableEquals                        : loaded 2 times (x 69B)
Class com.google.common.reflect.TypeParameter                                         : loaded 2 times (x 70B)
Class com.google.common.cache.LocalCache$AbstractReferenceEntry                       : loaded 2 times (x 105B)
Class org.gradle.internal.impldep.com.google.gson.internal.bind.TypeAdapterRuntimeTypeWrapper: loaded 2 times (x 72B)
Class net.rubygrapefruit.platform.internal.Platform                                   : loaded 2 times (x 77B)
Class net.rubygrapefruit.platform.NativeIntegrationUnavailableException               : loaded 2 times (x 80B)
Class org.jetbrains.plugins.gradle.model.web.WebConfiguration                         : loaded 2 times (x 68B)
Class kotlin.sequences.SequencesKt___SequencesKt$flatMap$2                            : loaded 2 times (x 123B)
Class [Lcom.android.ide.common.repository.AgpVersion$PreviewKind;                     : loaded 2 times (x 67B)
Class com.android.builder.model.v2.models.VariantDependencies                         : loaded 2 times (x 68B)
Class org.objectweb.asm.SymbolTable                                                   : loaded 2 times (x 70B)
Class com.google.common.cache.CacheLoader$InvalidCacheLoadException                   : loaded 2 times (x 80B)
Class org.gradle.internal.classloader.SystemClassLoaderSpec                           : loaded 2 times (x 69B)
Class org.jetbrains.plugins.gradle.tooling.internal.VersionCatalogsModelImpl          : loaded 2 times (x 74B)
Class org.gradle.internal.impldep.com.google.gson.JsonNull                            : loaded 2 times (x 90B)
Class com.google.common.collect.Ordering                                              : loaded 2 times (x 112B)
Class com.intellij.gradle.toolingExtension.impl.model.taskModel.DefaultGradleTaskModel: loaded 2 times (x 73B)
Class kotlin.ranges.IntRange$Companion                                                : loaded 2 times (x 69B)
Class com.android.builder.model.v2.ide.TestedTargetVariant                            : loaded 2 times (x 68B)
Class kotlin.text.MatcherMatchResult$groups$1                                         : loaded 2 times (x 149B)
Class kotlin.collections.EmptyMap                                                     : loaded 2 times (x 107B)
Class kotlin.reflect.KAnnotatedElement                                                : loaded 2 times (x 68B)
Class kotlin.jvm.internal.markers.KMutableCollection                                  : loaded 2 times (x 68B)
Class kotlin.coroutines.intrinsics.IntrinsicsKt                                       : loaded 2 times (x 69B)
Class org.gradle.internal.exceptions.MultiCauseException                              : loaded 2 times (x 68B)
Class org.gradle.internal.time.CountdownTimer                                         : loaded 2 times (x 68B)
Class kotlin.jvm.internal.Intrinsics                                                  : loaded 2 times (x 69B)
Class com.google.common.collect.FluentIterable                                        : loaded 2 times (x 79B)
Class com.google.common.cache.LocalCache$StrongEntry                                  : loaded 2 times (x 106B)
Class com.google.common.util.concurrent.AbstractFuture$TrustedFuture                  : loaded 2 times (x 112B)
Class com.google.common.cache.LoadingCache                                            : loaded 2 times (x 68B)
Class org.gradle.internal.impldep.com.google.gson.internal.sql.SqlTypesSupport$1      : loaded 2 times (x 72B)
Class com.intellij.gradle.toolingExtension.impl.model.sourceSetModel.GradleSourceSetModelBuilder$1: loaded 2 times (x 81B)
Class ijInit1_ixcexy756e2zeioqcxe32g1h                                                : loaded 2 times (x 177B)
Class org.jetbrains.kotlin.tooling.core.Interner                                      : loaded 2 times (x 68B)
Class org.jetbrains.kotlin.idea.gradleTooling.model.parcelize.ParcelizeGradleModel    : loaded 2 times (x 68B)
Class org.jetbrains.plugins.gradle.tooling.builder.AnnotationProcessingModelBuilder   : loaded 2 times (x 84B)
Class com.intellij.gradle.toolingExtension.impl.model.dependencyModel.DefaultModuleIdentifier: loaded 2 times (x 76B)
Class kotlin.collections.MapsKt                                                       : loaded 2 times (x 69B)
Class kotlin.coroutines.intrinsics.CoroutineSingletons                                : loaded 2 times (x 77B)
Class kotlin.collections.CollectionsKt__IterablesKt                                   : loaded 2 times (x 69B)
Class org.gradle.tooling.model.ProjectModel                                           : loaded 2 times (x 68B)
Class com.google.common.io.ByteStreams$LimitedInputStream                             : loaded 2 times (x 90B)
Class com.google.common.base.Suppliers$NonSerializableMemoizingSupplier               : loaded 2 times (x 77B)
Class net.rubygrapefruit.platform.ProcessLauncher                                     : loaded 2 times (x 68B)
Class org.objectweb.asm.MethodWriter                                                  : loaded 2 times (x 104B)
Class [Lcom.google.common.cache.Weigher;                                              : loaded 2 times (x 67B)
Class com.android.ide.gradle.model.builder.GradlePluginModelBuilder                   : loaded 2 times (x 73B)
Class org.gradle.internal.impldep.com.google.gson.internal.sql.SqlTypesSupport$2      : loaded 2 times (x 72B)
Class org.gradle.internal.classloader.ClassLoaderVisitor                              : loaded 2 times (x 74B)
Class [Lcom.google.common.collect.AbstractIterator$State;                             : loaded 2 times (x 67B)
Class com.google.common.io.ByteSource$ConcatenatedByteSource                          : loaded 2 times (x 83B)
Class com.intellij.gradle.toolingExtension.impl.model.sourceSetModel.GradleSourceSetModelBuilder$2: loaded 2 times (x 81B)
Class org.jetbrains.plugins.gradle.tooling.MessageReportBuilder                       : loaded 2 times (x 68B)
Class com.android.ide.common.gradle.Version$Companion$ParseState$EMPTY                : loaded 2 times (x 72B)
Class kotlin.ranges.OpenEndRange                                                      : loaded 2 times (x 68B)
Class kotlin.sequences.SequenceBuilderIterator                                        : loaded 2 times (x 83B)
Class kotlin.KotlinNullPointerException                                               : loaded 2 times (x 81B)
Class com.google.common.collect.AbstractMapBasedMultimap$RandomAccessWrappedList      : loaded 2 times (x 203B)
Class com.google.common.collect.ImmutableMultimap$1                                   : loaded 2 times (x 80B)
Class org.jetbrains.plugins.gradle.tooling.Message$Kind                               : loaded 2 times (x 77B)
Class com.google.common.base.CharMatcher$None                                         : loaded 2 times (x 110B)
Class com.intellij.gradle.toolingExtension.impl.model.sourceSetModel.GradleSourceSetModelBuilder$3: loaded 2 times (x 81B)
Class org.apache.commons.io.file.PathUtils                                            : loaded 2 times (x 69B)
Class kotlin.collections.AbstractList$Companion                                       : loaded 2 times (x 69B)
Class kotlin.sequences.SequencesKt___SequencesKt                                      : loaded 2 times (x 69B)
Class com.android.ide.common.repository.AgpVersion$Companion$WhenMappings             : loaded 2 times (x 69B)
Class kotlin.ranges.RangesKt___RangesKt                                               : loaded 2 times (x 69B)
Class org.gradle.tooling.model.idea.IdeaLanguageLevel                                 : loaded 2 times (x 68B)
Class org.gradle.tooling.internal.adapter.ProtocolToModelAdapter$SafeMethodInvoker    : loaded 2 times (x 74B)
Class org.gradle.tooling.internal.adapter.WeakIdentityHashMap$WeakKey                 : loaded 2 times (x 77B)
Class org.gradle.internal.exceptions.DefaultMultiCauseException                       : loaded 2 times (x 93B)
Class com.google.common.collect.ImmutableMultimap$2                                   : loaded 2 times (x 79B)
Class com.google.common.collect.AbstractIterator$State                                : loaded 2 times (x 77B)
Class com.google.common.reflect.Types$JavaVersion$1                                   : loaded 2 times (x 81B)
Class com.google.common.collect.RegularImmutableBiMap                                 : loaded 2 times (x 147B)
Class com.google.common.cache.LocalCache$ValueReference                               : loaded 2 times (x 68B)
Class kotlin.text.MatcherMatchResult$groupValues$1                                    : loaded 2 times (x 196B)
Class com.google.common.collect.ReverseNaturalOrdering                                : loaded 2 times (x 112B)
Class org.jetbrains.plugins.gradle.tooling.builder.ExternalTestsModelBuilderImpl      : loaded 2 times (x 76B)
Class com.android.builder.model.v2.ide.ProjectInfo                                    : loaded 2 times (x 68B)
Class kotlin.text.CharsKt__CharKt                                                     : loaded 2 times (x 69B)
Class org.jetbrains.plugins.gradle.tooling.DefaultMessageBuilder                      : loaded 2 times (x 82B)
Class kotlin.collections.ArrayDeque$Companion                                         : loaded 2 times (x 69B)
Class kotlin.collections.ArraysKt                                                     : loaded 2 times (x 69B)
Class org.gradle.tooling.model.HierarchicalElement                                    : loaded 2 times (x 68B)
Class com.google.common.reflect.Types$JavaVersion$2                                   : loaded 2 times (x 81B)
Class com.google.common.reflect.Types                                                 : loaded 2 times (x 69B)
Class com.google.common.hash.PrimitiveSink                                            : loaded 2 times (x 68B)
Class com.google.common.base.PatternCompiler                                          : loaded 2 times (x 68B)
Class com.google.common.util.concurrent.AbstractFuture$Failure                        : loaded 2 times (x 70B)
Class com.google.common.base.Equivalence$Equals                                       : loaded 2 times (x 80B)
Class com.google.common.collect.Hashing                                               : loaded 2 times (x 69B)
Class com.android.ide.gradle.model.builder.LegacyAndroidGradlePluginPropertiesModelBuilder$Companion: loaded 2 times (x 69B)
Class com.intellij.gradle.toolingExtension.impl.model.dependencyModel.auxiliary.AuxiliaryConfigurationArtifacts: loaded 2 times (x 72B)
Class org.jetbrains.plugins.gradle.model.DefaultGradleConfiguration                   : loaded 2 times (x 77B)
Class org.gradle.internal.impldep.com.google.gson.internal.bind.ReflectiveTypeAdapterFactory: loaded 2 times (x 73B)
Class org.gradle.internal.impldep.com.google.gson.internal.bind.DateTypeAdapter$1     : loaded 2 times (x 73B)
Class org.gradle.internal.impldep.com.google.gson.internal.reflect.ReflectionHelper$RecordHelper: loaded 2 times (x 73B)
Class org.gradle.internal.classloader.DefaultClassLoaderFactory                       : loaded 2 times (x 80B)
Class com.google.common.base.Suppliers                                                : loaded 2 times (x 69B)
Class [Lcom.google.common.cache.CacheBuilder$OneWeigher;                              : loaded 2 times (x 67B)
Class org.objectweb.asm.MethodTooLargeException                                       : loaded 2 times (x 81B)
Class com.google.common.base.Platform$JdkPatternCompiler                              : loaded 2 times (x 73B)
Class com.android.builder.model.v2.dsl.DependenciesInfo                               : loaded 2 times (x 68B)
Class org.jetbrains.kotlin.idea.gradleTooling.KotlinMPPGradleModelBinaryBuilder       : loaded 2 times (x 84B)
Class org.jetbrains.kotlin.idea.gradleTooling.model.noarg.NoArgModel                  : loaded 2 times (x 68B)
Class com.google.common.collect.ByFunctionOrdering                                    : loaded 2 times (x 113B)
Class kotlin.collections.SetsKt__SetsKt                                               : loaded 2 times (x 69B)
Class kotlin.coroutines.EmptyCoroutineContext                                         : loaded 2 times (x 75B)
Class org.gradle.internal.time.Time                                                   : loaded 2 times (x 69B)
Class [Lorg.apache.commons.io.file.DeleteOption;                                      : loaded 2 times (x 67B)
Class com.google.common.io.CharSink                                                   : loaded 2 times (x 77B)
Class com.google.common.reflect.Types$JavaVersion$3                                   : loaded 2 times (x 81B)
Class org.objectweb.asm.Label                                                         : loaded 2 times (x 71B)
Class org.objectweb.asm.CurrentFrame                                                  : loaded 2 times (x 71B)
Class org.objectweb.asm.ClassTooLargeException                                        : loaded 2 times (x 81B)
Class org.jetbrains.plugins.gradle.model.tests.DefaultExternalTestsModel              : loaded 2 times (x 75B)
Class org.jetbrains.kotlin.idea.gradleTooling.reflect.TypeToken$Companion             : loaded 2 times (x 69B)
Class [Lcom.intellij.openapi.externalSystem.model.project.ExternalSystemSourceType;   : loaded 2 times (x 67B)
Class org.gradle.internal.impldep.com.google.gson.ToNumberStrategy                    : loaded 2 times (x 68B)
Class org.gradle.internal.impldep.com.google.gson.internal.sql.SqlTypesSupport        : loaded 2 times (x 69B)
Class org.objectweb.asm.ClassVisitor                                                  : loaded 2 times (x 86B)
Class org.jetbrains.kotlin.idea.gradleTooling.model.parcelize.ParcelizeModelBuilderService: loaded 2 times (x 79B)
Class [Lorg.objectweb.asm.Symbol;                                                     : loaded 2 times (x 67B)
Class com.google.common.reflect.TypeCapture                                           : loaded 2 times (x 69B)
Class com.android.ide.common.gradle.Version$Companion$ParseState$NUMERIC              : loaded 2 times (x 72B)
Class org.gradle.internal.operations.MultipleBuildOperationFailures                   : loaded 2 times (x 93B)
Class org.gradle.tooling.internal.adapter.MethodInvocation                            : loaded 2 times (x 83B)
Class com.android.ide.common.repository.AgpVersion$PreviewKind                        : loaded 2 times (x 77B)
Class com.android.builder.model.v2.models.ProjectGraph                                : loaded 2 times (x 68B)
Class kotlin.collections.ArraysKt__ArraysJVMKt                                        : loaded 2 times (x 69B)
Class com.google.common.io.ByteSource$AsCharSource                                    : loaded 2 times (x 84B)
Class com.google.common.reflect.Types$JavaVersion$4                                   : loaded 2 times (x 81B)
Class com.google.common.collect.Maps$IteratorBasedAbstractMap                         : loaded 2 times (x 123B)
Class org.objectweb.asm.Frame                                                         : loaded 2 times (x 71B)
Class org.objectweb.asm.MethodVisitor                                                 : loaded 2 times (x 103B)
Class com.google.common.cache.LocalCache$EntryFactory$1                               : loaded 2 times (x 81B)
Class [Lcom.google.common.cache.RemovalListener;                                      : loaded 2 times (x 67B)
Class kotlin.sequences.TransformingSequence                                           : loaded 2 times (x 73B)
Class com.android.utils.FileUtils                                                     : loaded 2 times (x 69B)
Class com.android.builder.model.v2.ide.AaptOptions$Namespacing                        : loaded 2 times (x 77B)
Class org.jetbrains.plugins.gradle.model.ear.EarConfiguration                         : loaded 2 times (x 68B)
Class org.jetbrains.kotlin.idea.gradleTooling.OrphanSourceSetImportingChecker         : loaded 2 times (x 72B)
Class kotlin.text.StringsKt__StringBuilderKt                                          : loaded 2 times (x 69B)
Class org.gradle.internal.impldep.com.google.gson.internal.bind.ReflectiveTypeAdapterFactory$FieldReflectionAdapter: loaded 2 times (x 75B)
Class kotlin.jvm.internal.CallableReference$NoReceiver                                : loaded 2 times (x 69B)
Class com.google.common.reflect.Types$JavaVersion$5                                   : loaded 2 times (x 69B)
Class [Lcom.google.common.reflect.Types$ClassOwnership;                               : loaded 2 times (x 67B)
Class com.google.common.cache.LocalCache$EntryFactory$2                               : loaded 2 times (x 81B)
Class org.gradle.api.internal.classpath.GlobalCacheRootsProvider                      : loaded 2 times (x 68B)
Class org.gradle.internal.impldep.com.google.common.base.Objects                      : loaded 2 times (x 69B)
Class org.gradle.internal.impldep.com.google.gson.internal.bind.ReflectiveTypeAdapterFactory$Adapter: loaded 2 times (x 75B)
Class org.jetbrains.kotlin.idea.gradleTooling.reflect.KotlinCompilerArgumentsResolverReflectionKt: loaded 2 times (x 69B)
Class net.rubygrapefruit.platform.NativeException                                     : loaded 2 times (x 80B)
Class com.google.common.io.ByteArrayDataOutput                                        : loaded 2 times (x 68B)
Class org.gradle.tooling.internal.adapter.TargetTypeProvider                          : loaded 2 times (x 68B)
Class com.android.builder.model.v2.ide.AndroidArtifact                                : loaded 2 times (x 68B)
Class org.jetbrains.kotlin.idea.gradleTooling.model.lombok.LombokModelBuilderService  : loaded 2 times (x 85B)
Class kotlin.ranges.IntProgression$Companion                                          : loaded 2 times (x 69B)
Class com.intellij.openapi.externalSystem.model.project.dependencies.ProjectDependencyNode: loaded 2 times (x 68B)
Class kotlin.NoWhenBranchMatchedException                                             : loaded 2 times (x 80B)
Class org.gradle.tooling.model.BuildIdentifier                                        : loaded 2 times (x 68B)
Class com.google.common.collect.CollectCollectors                                     : loaded 2 times (x 69B)
Class org.objectweb.asm.ModuleWriter                                                  : loaded 2 times (x 80B)
Class com.google.common.cache.LocalCache$EntryFactory$3                               : loaded 2 times (x 81B)
Class com.google.common.base.Ticker$1                                                 : loaded 2 times (x 70B)
Class com.google.common.collect.Maps$BiMapConverter                                   : loaded 2 times (x 88B)
Class org.jetbrains.kotlin.idea.gradleTooling.reflect.GradleReflectionLogger          : loaded 2 times (x 73B)
Class com.intellij.gradle.toolingExtension.impl.modelBuilder.DefaultMessageReportBuilder: loaded 2 times (x 92B)
Class org.gradle.internal.impldep.com.google.gson.FieldNamingStrategy                 : loaded 2 times (x 68B)
Class org.gradle.internal.impldep.com.google.gson.stream.JsonWriter                   : loaded 2 times (x 96B)
Class org.gradle.internal.impldep.com.google.gson.internal.bind.TypeAdapters$29       : loaded 2 times (x 73B)
Class com.intellij.gradle.toolingExtension.impl.model.dependencyModel.GradleDependencyResolver: loaded 2 times (x 70B)
Class org.gradle.api.internal.classpath.ManifestUtil                                  : loaded 2 times (x 69B)
Class com.android.builder.model.v2.ide.VectorDrawablesOptions                         : loaded 2 times (x 68B)
Class net.rubygrapefruit.platform.internal.Platform$MacOs                             : loaded 2 times (x 80B)
Class net.rubygrapefruit.platform.internal.Platform$Window64Bit                       : loaded 2 times (x 77B)
Class com.google.common.cache.LocalCache$EntryFactory$4                               : loaded 2 times (x 81B)
Class com.google.common.util.concurrent.ExecutionError                                : loaded 2 times (x 80B)
Class com.intellij.gradle.toolingExtension.impl.model.dependencyModel.GradleDependencyTraverser: loaded 2 times (x 78B)
Class com.google.common.collect.ImmutableEnumSet                                      : loaded 2 times (x 144B)
Class com.intellij.gradle.toolingExtension.impl.model.sourceSetDependencyModel.DefaultGradleSourceSetDependencyModel: loaded 2 times (x 75B)
Class org.jetbrains.kotlin.idea.gradleTooling.AbstractKotlinGradleModelBuilder$Companion: loaded 2 times (x 69B)
Class com.android.builder.model.v2.ide.Edge                                           : loaded 2 times (x 68B)
Class com.google.common.collect.ReverseOrdering                                       : loaded 2 times (x 113B)
Class com.android.builder.model.v2.models.VariantDependenciesFlatList                 : loaded 2 times (x 68B)
Class org.gradle.tooling.model.build.JavaEnvironment                                  : loaded 2 times (x 68B)
Class com.google.common.io.ByteStreams$1                                              : loaded 2 times (x 83B)
Class com.google.common.cache.LocalCache$EntryFactory$5                               : loaded 2 times (x 81B)
Class net.rubygrapefruit.platform.internal.Platform$FreeBSD                           : loaded 2 times (x 80B)
Class [Lorg.gradle.internal.impldep.com.google.gson.ReflectionAccessFilter$FilterResult;: loaded 2 times (x 67B)
Class org.gradle.internal.impldep.com.google.gson.internal.bind.ReflectiveTypeAdapterFactory$RecordAdapter: loaded 2 times (x 75B)
Class org.gradle.internal.impldep.com.google.gson.internal.bind.DefaultDateTypeAdapter: loaded 2 times (x 72B)
Class com.google.common.collect.AbstractMapBasedMultimap$WrappedCollection            : loaded 2 times (x 122B)
Class org.gradle.tooling.internal.adapter.ProtocolToModelAdapter$InvocationHandlerImpl: loaded 2 times (x 75B)
Class com.android.builder.model.v2.ide.SourceSetContainer                             : loaded 2 times (x 68B)
Class org.gradle.internal.time.Timer                                                  : loaded 2 times (x 68B)
Class kotlin.jvm.internal.markers.KMappedMarker                                       : loaded 2 times (x 68B)
Class org.apache.commons.io.output.AppendableWriter                                   : loaded 2 times (x 98B)
Class com.google.common.cache.LocalCache$EntryFactory$6                               : loaded 2 times (x 81B)
Class org.gradle.internal.installation.CurrentGradleInstallationLocator               : loaded 2 times (x 69B)
Class com.android.ide.gradle.model.impl.GradlePluginModelImpl                         : loaded 2 times (x 74B)
Class org.gradle.internal.impldep.com.google.gson.internal.bind.TreeTypeAdapter       : loaded 2 times (x 73B)
Class org.gradle.internal.impldep.com.google.gson.internal.bind.DefaultDateTypeAdapter$DateType$1: loaded 2 times (x 71B)
Class [Lorg.gradle.internal.impldep.com.google.gson.FieldNamingStrategy;              : loaded 2 times (x 67B)
Class org.gradle.internal.impldep.com.google.gson.JsonPrimitive                       : loaded 2 times (x 91B)
Class org.gradle.tooling.model.build.GradleEnvironment                                : loaded 2 times (x 68B)
Class com.android.builder.model.v2.ide.LintOptions                                    : loaded 2 times (x 68B)
Class com.android.builder.model.v2.models.VariantDependenciesAdjacencyList            : loaded 2 times (x 68B)
Class org.gradle.tooling.internal.adapter.ProtocolToModelAdapter$ViewGraphDetails     : loaded 2 times (x 70B)
Class org.gradle.tooling.model.idea.IdeaProject                                       : loaded 2 times (x 68B)
Class org.gradle.tooling.model.DomainObjectSet                                        : loaded 2 times (x 68B)
Class org.apache.commons.io.output.ThresholdingOutputStream                           : loaded 2 times (x 93B)
Class com.google.common.collect.ImmutableMultimap$Builder                             : loaded 2 times (x 84B)
Class com.google.common.io.ByteSource$SlicedByteSource                                : loaded 2 times (x 83B)
Class com.google.common.collect.Maps$KeySet                                           : loaded 2 times (x 135B)
Class com.google.common.cache.LocalCache$EntryFactory$7                               : loaded 2 times (x 81B)
Class com.google.common.collect.ImmutableSet$EmptySetBuilderImpl                      : loaded 2 times (x 74B)
Class org.gradle.internal.service.DefaultServiceLocator                               : loaded 2 times (x 81B)
Class com.android.ide.gradle.model.dependencies.DeclaredDependenciesModelBuilder      : loaded 2 times (x 73B)
Class org.jetbrains.kotlin.idea.gradleTooling.KotlinGradlePluginVersion$Companion     : loaded 2 times (x 69B)
Class org.gradle.internal.impldep.com.google.gson.internal.bind.TypeAdapters$20       : loaded 2 times (x 73B)
Class org.gradle.internal.impldep.com.google.gson.FieldNamingPolicy                   : loaded 2 times (x 81B)
Class org.gradle.internal.impldep.com.google.gson.JsonElement                         : loaded 2 times (x 90B)
Class com.intellij.gradle.toolingExtension.impl.model.utilDummyModel.DefaultDummyModel: loaded 2 times (x 71B)
Class org.gradle.internal.impldep.com.google.gson.JsonSyntaxException                 : loaded 2 times (x 80B)
Class org.gradle.internal.impldep.com.google.gson.internal.bind.TypeAdapters$28       : loaded 2 times (x 73B)
Class com.intellij.gradle.toolingExtension.impl.initScript.util.GradleLifecycleUtil   : loaded 2 times (x 69B)
Class org.gradle.internal.classloader.ClassLoaderHierarchy                            : loaded 2 times (x 68B)
Class org.jetbrains.plugins.gradle.tooling.builder.ScalaModelBuilderImpl              : loaded 2 times (x 79B)
Class org.jetbrains.plugins.gradle.tooling.ModelBuilderContext                        : loaded 2 times (x 68B)
Class com.android.builder.model.v2.ide.BasicArtifact                                  : loaded 2 times (x 68B)
Class net.rubygrapefruit.platform.internal.Platform$FreeBSD64Bit                      : loaded 2 times (x 80B)
Class kotlin.coroutines.jvm.internal.SuspendFunction                                  : loaded 2 times (x 68B)
Class org.gradle.util.GradleVersion                                                   : loaded 2 times (x 77B)
Class com.google.common.collect.ImmutableMultimap$EntryCollection                     : loaded 2 times (x 126B)
Class com.google.common.collect.Maps$EntrySet                                         : loaded 2 times (x 134B)
Class com.google.common.cache.LocalCache$EntryFactory$8                               : loaded 2 times (x 81B)
Class org.gradle.internal.installation.CurrentGradleInstallation                      : loaded 2 times (x 71B)
Class org.jetbrains.kotlin.idea.gradleTooling.KotlinTasksPropertyUtilsKt              : loaded 2 times (x 69B)
Class org.gradle.internal.impldep.com.google.gson.internal.bind.TypeAdapters$21       : loaded 2 times (x 73B)
Class [Lcom.google.common.base.AbstractIterator$State;                                : loaded 2 times (x 67B)
Class com.google.common.io.FileWriteMode                                              : loaded 2 times (x 77B)
Class kotlin.collections.CollectionsKt__ReversedViewsKt                               : loaded 2 times (x 69B)
Class kotlin.sequences.SequencesKt__SequenceBuilderKt                                 : loaded 2 times (x 69B)
Class kotlin.jvm.internal.CollectionToArray                                           : loaded 2 times (x 69B)
Class org.jetbrains.plugins.gradle.model.scala.ScalaModel                             : loaded 2 times (x 68B)
Class com.intellij.openapi.externalSystem.model.project.dependencies.ProjectDependencyNodeImpl: loaded 2 times (x 91B)
Class kotlin.jvm.internal.Ref$BooleanRef                                              : loaded 2 times (x 69B)
Class kotlin.jvm.internal.StringCompanionObject                                       : loaded 2 times (x 69B)
Class kotlin.io.FilesKt__FileTreeWalkKt                                               : loaded 2 times (x 69B)
Class kotlin.sequences.FilteringSequence$iterator$1                                   : loaded 2 times (x 77B)
Class kotlin.coroutines.intrinsics.IntrinsicsKt__IntrinsicsJvmKt                      : loaded 2 times (x 69B)
Class kotlin.coroutines.jvm.internal.CoroutineStackFrame                              : loaded 2 times (x 68B)
Class org.gradle.tooling.internal.adapter.ProtocolToModelAdapter$MethodInvocationCache$MethodInvocationKey: loaded 2 times (x 71B)
Class com.google.common.cache.CacheLoader$1                                           : loaded 2 times (x 73B)
Class org.gradle.util.internal.GUtil                                                  : loaded 2 times (x 69B)
Class org.jetbrains.plugins.gradle.model.DefaultGradleExtensions                      : loaded 2 times (x 86B)
Class org.gradle.internal.impldep.com.google.gson.internal.bind.TypeAdapters$22       : loaded 2 times (x 73B)
Class org.gradle.internal.impldep.com.google.gson.ToNumberPolicy                      : loaded 2 times (x 81B)
Class com.intellij.gradle.toolingExtension.impl.util.collectionUtil.GradleCollectionVisitor: loaded 2 times (x 68B)
Class com.intellij.gradle.toolingExtension.impl.model.dependencyGraphModel.GradleDependencyGraphModelBuilder: loaded 2 times (x 80B)
Class com.intellij.gradle.toolingExtension.impl.model.utilTurnOffDefaultTasksModel.DefaultTurnOffDefaultTasks: loaded 2 times (x 69B)
Class com.intellij.gradle.toolingExtension.impl.model.dependencyDownloadPolicyModel.DefaultGradleDependencyDownloadPolicy: loaded 2 times (x 75B)
Class org.gradle.internal.impldep.com.google.gson.internal.bind.TypeAdapters$27       : loaded 2 times (x 73B)
Class org.gradle.internal.impldep.com.google.gson.internal.reflect.ReflectionHelper$RecordNotSupportedHelper: loaded 2 times (x 76B)
Class org.gradle.internal.classloader.FilteringClassLoader                            : loaded 2 times (x 103B)
Class com.android.utils.StringHelper                                                  : loaded 2 times (x 69B)
Class kotlin.io.NoSuchFileException                                                   : loaded 2 times (x 80B)
Class kotlin.collections.CollectionsKt                                                : loaded 2 times (x 69B)
Class com.google.common.io.ByteSource                                                 : loaded 2 times (x 82B)
Class com.google.common.util.concurrent.AbstractFuture$SetFuture                      : loaded 2 times (x 73B)
Class com.google.common.cache.AbstractCache$StatsCounter                              : loaded 2 times (x 68B)
Class org.jetbrains.kotlin.idea.gradleTooling.reflect.KotlinSourceSetReflectionImpl   : loaded 2 times (x 80B)
Class org.gradle.internal.impldep.com.google.gson.internal.bind.TypeAdapters$23       : loaded 2 times (x 73B)
Class com.intellij.gradle.toolingExtension.impl.model.sourceSetModel.DefaultGradleSourceSetModel: loaded 2 times (x 78B)
Class com.google.common.base.Equivalence$Identity                                     : loaded 2 times (x 80B)
Class kotlin.ranges.IntProgressionIterator                                            : loaded 2 times (x 80B)
Class com.android.builder.model.v2.dsl.BuildType                                      : loaded 2 times (x 68B)
Class com.google.common.base.PairwiseEquivalence                                      : loaded 2 times (x 81B)
Class kotlin.NotImplementedError                                                      : loaded 2 times (x 80B)
Class kotlin.coroutines.CoroutineContext                                              : loaded 2 times (x 68B)
Class kotlin.coroutines.jvm.internal.DebugProbesKt                                    : loaded 2 times (x 69B)
Class org.gradle.tooling.internal.adapter.WeakIdentityHashMap                         : loaded 2 times (x 74B)
Class org.gradle.tooling.GradleConnectionException                                    : loaded 2 times (x 81B)
Class org.gradle.tooling.internal.adapter.ProtocolToModelAdapter$1                    : loaded 2 times (x 73B)
Class org.gradle.tooling.internal.adapter.ProtocolToModelAdapter$ViewDecoration       : loaded 2 times (x 68B)
Class com.google.common.reflect.Types$TypeVariableImpl                                : loaded 2 times (x 70B)
Class org.gradle.internal.installation.GradleInstallation                             : loaded 2 times (x 73B)
Class org.jetbrains.plugins.gradle.model.DefaultFileCollectionDependency              : loaded 2 times (x 108B)
Class org.gradle.internal.impldep.com.google.gson.internal.bind.TypeAdapters$24       : loaded 2 times (x 73B)
Class com.intellij.util.ExceptionUtilRt$RethrownStack                                 : loaded 2 times (x 80B)
Class kotlin.sequences.FlatteningSequence                                             : loaded 2 times (x 73B)
Class kotlin.text.MatcherMatchResult                                                  : loaded 2 times (x 78B)
Class com.intellij.gradle.toolingExtension.impl.util.javaPluginUtil.ExtensionJavaPluginAccessor: loaded 2 times (x 80B)
Class kotlin.text.MatchGroupCollection                                                : loaded 2 times (x 68B)
Class com.android.builder.model.v2.ide.ViewBindingOptions                             : loaded 2 times (x 68B)
Class com.google.common.collect.ForwardingCollection                                  : loaded 2 times (x 128B)
Class com.google.common.collect.LexicographicalOrdering                               : loaded 2 times (x 113B)
Class org.gradle.tooling.internal.adapter.MethodInvoker                               : loaded 2 times (x 68B)
Class com.google.common.base.Splitter$Strategy                                        : loaded 2 times (x 68B)
Class kotlin.text.StringsKt__StringsKt                                                : loaded 2 times (x 69B)
Class org.jetbrains.plugins.gradle.tooling.util.GradleContainerUtil                   : loaded 2 times (x 69B)
Class org.jetbrains.plugins.gradle.model.DefaultGradleExtension                       : loaded 2 times (x 78B)
Class org.jetbrains.kotlin.idea.gradleTooling.reflect.KotlinCompilerArgumentsResolverReflectionImpl: loaded 2 times (x 73B)
Class org.gradle.internal.impldep.com.google.gson.internal.bind.TypeAdapters$25       : loaded 2 times (x 73B)
Class org.jetbrains.plugins.gradle.tooling.Message                                    : loaded 2 times (x 70B)
Class org.gradle.internal.impldep.com.google.gson.TypeAdapter$1                       : loaded 2 times (x 72B)
Class org.gradle.internal.impldep.com.google.gson.internal.bind.TypeAdapters          : loaded 2 times (x 69B)
Class org.gradle.internal.impldep.com.google.gson.internal.bind.TypeAdapters$26       : loaded 2 times (x 73B)
Class org.gradle.internal.impldep.com.google.gson.internal.bind.CollectionTypeAdapterFactory$Adapter: loaded 2 times (x 72B)
Class com.intellij.gradle.toolingExtension.impl.model.dependencyModel.DefaultModuleComponentIdentifier: loaded 2 times (x 84B)
Class com.android.ide.gradle.model.builder.AndroidStudioToolingPluginKt               : loaded 2 times (x 69B)
Class org.jetbrains.kotlin.idea.gradleTooling.AbstractKotlinGradleModelBuilder        : loaded 2 times (x 79B)
Class com.android.ide.common.gradle.Part                                              : loaded 2 times (x 75B)
Class com.google.common.collect.Lists$RandomAccessReverseList                         : loaded 2 times (x 198B)
Class kotlin.ranges.IntProgression                                                    : loaded 2 times (x 79B)
Class kotlin.jvm.KotlinReflectionNotSupportedError                                    : loaded 2 times (x 80B)
Class org.gradle.tooling.model.gradle.GradleScript                                    : loaded 2 times (x 68B)

---------------  S Y S T E M  ---------------

OS:
 Windows 11 , 64 bit Build 26100 (10.0.26100.7019)
OS uptime: 5 days 17:25 hours
Hyper-V role detected

CPU: total 12 (initial active 12) (6 cores per cpu, 2 threads per core) family 6 model 186 stepping 2 microcode 0x410e, cx8, cmov, fxsr, ht, mmx, 3dnowpref, sse, sse2, sse3, ssse3, sse4.1, sse4.2, popcnt, lzcnt, tsc, tscinvbit, avx, avx2, aes, erms, clmul, bmi1, bmi2, adx, sha, fma, vzeroupper, clflush, clflushopt, clwb, hv, serialize, rdtscp, rdpid, fsrm, f16c, cet_ibt, cet_ss
Processor Information for processor 0
  Max Mhz: 2100, Current Mhz: 2100, Mhz Limit: 2100
Processor Information for processor 1
  Max Mhz: 2100, Current Mhz: 2100, Mhz Limit: 2100
Processor Information for processor 2
  Max Mhz: 2100, Current Mhz: 2100, Mhz Limit: 2100
Processor Information for processor 3
  Max Mhz: 2100, Current Mhz: 2100, Mhz Limit: 2100
Processor Information for processor 4
  Max Mhz: 2100, Current Mhz: 2100, Mhz Limit: 2100
Processor Information for processor 5
  Max Mhz: 2100, Current Mhz: 2100, Mhz Limit: 2100
Processor Information for processor 6
  Max Mhz: 2100, Current Mhz: 2100, Mhz Limit: 2100
Processor Information for processor 7
  Max Mhz: 2100, Current Mhz: 2100, Mhz Limit: 2100
Processor Information for processor 8
  Max Mhz: 2100, Current Mhz: 2100, Mhz Limit: 2100
Processor Information for processor 9
  Max Mhz: 2100, Current Mhz: 1540, Mhz Limit: 2100
Processor Information for processor 10
  Max Mhz: 2100, Current Mhz: 2100, Mhz Limit: 2100
Processor Information for processor 11
  Max Mhz: 2100, Current Mhz: 2100, Mhz Limit: 2100

Memory: 4k page, system-wide physical 24279M (3954M free)
TotalPageFile size 35450M (AvailPageFile size 829M)
current process WorkingSet (physical memory assigned to process): 1317M, peak: 1413M
current process commit charge ("private bytes"): 1516M, peak: 2777M

vm_info: OpenJDK 64-Bit Server VM (21.0.7+-13880790-b1038.58) for windows-amd64 JRE (21.0.7+-13880790-b1038.58), built on 2025-08-04T20:56:21Z by "builder" with MS VC++ 16.10 / 16.11 (VS2019)

END.
